Workbook
Name _1g51s3qemn8t: 'ELI-DL URI components'!$B$74
Name _1rtyz16hkql9: 'ELI-DL URI components'!$B$112
Name _65ifpjxamdc9: 'ELI-DL URI components'!$B$41
Name _81ywfesawyfo: 'ELI-DL URI components'!$B$11
Name _d8lcnsdcmwif: 'ELI-DL URI components'!$B$1
Name _gebdzw3vhd15: 'ELI-DL URI components'!$B$67
Name _hnvwax436uja: 'ELI-DL URI components'!$B$105
Name _mamtjvujatl7: 'ELI-DL URI components'!$B$25
Name _n5uzx5ky6uln: 'ELI-DL URI components'!$B$48
Name _n9rj8zpyg5nh: 'ELI-DL URI components'!$B$99
Name _vd6e4u8787t9: 'ELI-DL URI components'!$B$30
Name _wtvsc88dv05u: 'ELI-DL URI components'!$B$60
Name _xdcur1jrrehc: 'ELI-DL URI components'!$B$34
Name Print_Area_0: 'Schema.org Legislation (Mapping'!$A$4:$A$129

Sheet Inhaltsverzeichnis
B1: Inhaltsverzeichnis
B5: Name | C5: Description | D5: Type | E5: Source | F5: Version | G5: Release Date | H5: Compatibility
A6: 1 | B6: Rechtsgrundlagen | C6: Schlussfolgerungen des Rates mit einem Aufruf zur Einführung des European Legislation Identifier (ELI) (2012/C 325/02) | D6: law | E6: https://eur-lex.europa.eu/legal-content/DE/TXT/PDF/?uri=CELEX:52012XG1026(01) | G6: 2012
A7: 2 | B7: ELI Release | D7: ZIP | E7: https://op.europa.eu/en/web/eu-vocabularies/dataset/-/resource?uri=http://publications.europa.eu/resource/dataset/eli | F7: 1.5
A8: 2.1 | B8: Implementing ELI | C8: webpage providing documentation and tools for countries and organisations to support their implementation of ELI: (1) Guides and specifications, (2) Extension standards (ELI-DL, ELI-I) (2) Ontology, (4) EU Authority tables (3) XML Schema, (5) Schema.org Mapping, (6) Tools | D8: Webpage | E8: https://eur-lex.europa.eu/content/eli-register/implementing_eli.html | F8: n/a | G8: n/a | H8: n/a
A9: 2.2 | B9: ELI Technical implementation guide (third edition) | C9: ELI URI identifiers ELI ontology / data model (v.1.4.) ELI publication (metadata publishing) ELI synchronisation (Pillar IV specifications) ELI use-cases (in annex) | D9: PDF | F9: 1.4 | H9: This guide refers to the version 1.4 of the ELI ontology
A10: 2.3 | B10: ELI Good practices and guidelines (third edition) | D10: PDF | G10: 45139
A11: 3 | B11: Schema.org - Publication | C11: Mapping to PublicationIssue | D11: Webpage
A12: 4.1 | B12: ELI ontology for draft legislation (ELI-DL) Release | C12: ELI-DL extension standard: ELI-DL URI components ELI-DL OWL ontology ELI-DL diagrams ELI-DL examples | D12: Webpage | E12: https://interoperable-europe.ec.europa.eu/collection/eli-european-legislation-identifier/solution/eli-ontology-draft-legislation-eli-dl | F12: 3 | G12: 45240 | H12: This version is not backward-compatible with the previous version on the modelling of Votes. This version relies on ELI ontology 1.5.
A13: 5 | B13: ELI Impact (ELI-I) Release | C13: ELI-I

Sheet ELI Rechtsgrundlagen
B1: Elemente des ELI (Rechtsgrundlagen) | K1: Schweizer Entsprechung
B2: Schlussfolgerungen des Rates mit einem Aufruf zur Einführung des European Legislation Identifier (ELI) (2012/C 325/02)
B3: Source: https://eur-lex.europa.eu/legal-content/DE/TXT/PDF/?uri=CELEX:52012XG1026(01)
B5: Die folgenden Elemente des ELI können unabhängig voneinander implementiert werden:
A6: 1 | B6: Identifizierung der Rechtsvorschriften | C6: (URI)
A7: 2 | B7: Beschreibung aller Rechtsvorschriften | C7: (Metadaten und Ontologie)
A10: 1 | B10: Identifizierung der Rechtsvorschriften
B12: Der ELI verwendet URI (Unified Resource Identifier) im HTTP-Format zur spezifischen Identifizierung aller online verfügbaren Rechtsinformationen, die von amtlicher Seite in ganz Europa veröffentlicht werden. Diese URI werden formell über automatisch lesbare URI-Schematafeln (IETF RFC 6570) beschrieben und verwenden Bestandteile, die Semantiken sowohl aus juristischer wie aus Verbrauchersicht beinhalten. Jeder Mitgliedstaat erstellt seine eigenen, selbstbeschreibenden URI unter Verwendung der erwähnten Bestandteile und unter Berücksichtigung der spezifischen Spracherfordernisse. Alle Bestandteile sind optional und können auf Grundlage der nationalen Anforderungen ausgewählt werden; es ist keine feste Reihenfolge einzuhalten. Um den Austausch der Daten zu ermöglichen, muss die ausgewählte URISchematafel dokumentiert sein und den Mechanismus für URI-Schematafeln (siehe Beispiel) verwenden: | K12: Der Bund publiziert bereits Rechtsinformationen unter Verwendung der ELI URI, jedoch noch nicht alle. Bedingt durch den Föderalismus und weil auch innerhalb der Bundesverwaltung zum Teil dezentral Rechtsinformationen veröffentlicht werden, sind Rechtsinformationen zum Teil gar nicht oder nicht immer über ELI URI auffindbar. Insbesondere für die Kantone muss die ELI URI noch definiert werden Nicht alle
K13: 1 | M13: 2 | O13: 3 | Q13: 4
B14: Alle Bestandteile der ELI-Schematafel: | K14: Bund | M14: Kanton ZH | O14: Gemeinde … | Q14: Kanton ZH
B16: /eli/{jurisdiction}/{agent}/{sub-agent}/{year}/{month}/{day}/{type}/{sub-type}/{domain}/{natural-identifier}/{level-1}/.../{point-in-time}/{version}/{language} | K16: Vollbeispiel Bund | M16: Vollbeispiel Kanton ZH | O16: Vollbeispiel Gemeinde … | Q16: Vollbeispiel Kanton …
B18: Die einzelnen Bestandteile der ELI-Schematafel:
B20: Hierarchie (Vorschlag) | C20: Gruppe | D20: URI Bestandteil | E20: Comments | F20: Requirement | G20: Format (Recommendation) | H20: Additional Remarks
B21: 1 | C21: - | D21: /eli | F21: required | G21: n/a | H21: n/a | K21: eli | M21: eli | O21: eli | Q21: eli
B22: 2 | C22: Jurisdicition | D22: /{jurisdiction} | E22: Use of DCTERMS.ISO3166: 2 alpha country codes, e.g. ‘LU‘ For international organisations, the registered domain name can be used: e.g. ‘EU‘ or ‘WTO‘ | F22: optional (all components; order is flexible) | G22: 2 letter country code | K22: CH | M22: CH-ZH | O22: CH- | Q22: CH
B23: 3 | C23: Jurisdicition | D23: /{agent} | E23: Administrative hierarchical structure, e.g. federal States, constitutional court, parliament, usw. | F23: optional (all components; order is flexible) | G23: n/a | H23: codes for administrative hierarchical structures and substructures. Member States need to define their own values.
B24: 4 | C24: Jurisdicition | D24: /{sub-agent} | E24: Administrative hierarchical substructure, e.g. the responsible ministry | F24: optional (all components; order is flexible)
B25: 5 | C25: Reference | D25: /{year} | E25: YYYY Various interpretations allowed depending on countries‘ requirements, e.g. date of signature or date of publication, usw. | F25: optional (all components; order is flexible) | G25: {year}: 4 digits {month} and {day}: 2 digits | H25: The components don’t have to be used together (e.g. {year} can be used without {month} or {day})
B26: 6 | C26: Reference | D26: /{month} | E26: MM | F26: optional (all components; order is flexible)
B27: 7 | C27: Reference | D27: /{day} | E27: DD | F27: optional (all components; order is flexible)
B28: 8 | C28: Reference | D28: /{type} | E28: Nature of the act (law, decree, draft bill usw.). Various interpretations depending on countries‘ requirements | F28: optional (all components; order is flexible) | G28: n/a | H28: n/a
B29: 9 | C29: Reference | D29: /{sub-type} | E29: Subcategory of an act depending on countries‘ requirements (e.g. corrigendum | F29: optional (all components; order is flexible)
B30: 10 | C30: Reference | D30: /{domain} | E30: Can be used if acts are classified by themes, e.g. codes | F30: optional (all components; order is flexible) | H30: The technical implementation guide lists natural identifier first and then domain (inverse order)
B31: 11 | C31: Reference | D31: /{natural-identifier} | E31: Reference or number to distinguish an act of same nature signed or published on the same day | F31: optional (all components; order is flexible)
B32: 12* | C32: Subdivision | D32: /{level-n} | E32: Reference to a subdivision of an act and paragraph, e.g. Article 15 | F32: optional (all components; order is flexible) | G32: n/a (see also 2.2.3) | H32: When crafting ELIs for subdivisions, one need to combine a code to identify the subdivision type (section, article, paragraphs, etc.) and the number or identifier of the subdivision (1, A, 1.5.9, etc.). Concatenate the subdivision type and its number in a single component, using another separator, typically underscore “_”; e.g. /eli/law/2015/123/article_3/paragraph_2
B33: 13 | C33: Point in Time | D33: /{point-in-time} | E33: YYYYMMDD Version of the act as valid at a given date | F33: optional (all components; order is flexible) | G33: YYYYMMDD or YYYY-MM-DD | H33: Note that the Council conclusions inviting the introduction of the European Legislation Identifier only recommends YYYYMMDD but implementations using YYYY-MM-DD would still be valid.
B34: 14 | C34: Version | D34: /{version} | E34: To distinguish between original act or consolidated version | F34: optional (all components; order is flexible) | G34: n/a | H34: To distinguish between a base act or a consolidated version.
B35: 15 | C35: Language | D35: /{language} | E35: To differ different official expressions of the same act Use of DCTERMS.ISO3166: 3 alpha | F35: optional (all components; order is flexible) | G35: 3-letters language codes (ISO-639-1) | H35: Should I use 2-letter codes or 3-letter codes for the {language} component in ELI identifiers? ELI explicitly recommends using 3-letter codes for the {language} component when building ELI URIs (ISO-639-2). See the code list page for the list of language codes. That being said, implementations using 2-letters language codes would still be valid. It is expected in that case that an alias mechanism be implemented from one to the other.
B36: 16 | C36: Format | D36: /{format} | E36: n/a | F36: required | G36: A file format, like “pdf” or “html” | H36: Note that the Council conclusions inviting the introduction of the European Legislation does not list this component explicitly, but it is always part of the URIs to identify the eli:Format level.
B38: Note that ELI-DL also proposes additional URI components for ELI-DL URIs. These additional components are documented in the ELI-DL URI specification document
A43: 2 | B43: Beschreibung aller Rechtsvorschriften
B44: Ein strukturierter URI kann Rechtsakte bereits unter Verwendung eines Satzes fester Bestandteile kennzeichnen; die Zuweisung zusätzlicher Metadaten, die im Rahmen einer gemeinsamen Syntax festgelegt werden, legt darüber hinaus die Basis für die Förderung des Austauschs und der verbesserten Interoperabilität zwischen Rechtsinformationssystemen. Die Identifizierung der Metadaten zur Beschreibung der Kernmerkmale einer Ressource ermöglicht den Mitgliedstaaten die Wiederverwendung von anderen erstellter relevanter Informationen für eigene Zwecke, ohne hierfür weitere Informationssysteme bereitstellen zu müssen. Obgleich den Mitgliedstaaten freigestellt ist, ihre eigenen Metadaten-Schemata zu verwenden, wird ihnen nahegelegt, die ELI-Standards für Metadaten zu befolgen und anzuwenden; diese Standards verwenden gemeinsam genutzte aber erweiterbare Rechtsgrundlagenverzeichnisse, die es ermöglichen, spezifischen Anforderungen gerecht zu werden. Das ELI-Metadaten-Schema sollte zusammen mit spezifischen Metadaten-Schemata verwendet werden. Um den Datenaustausch möglichst effektiv zu gestalten, können ELI-Metadaten-Elemente gemäß der W3C-Empfehlung „RDFa in XHTML: Syntax and Processing“ in Serie geschaltet werden.
A46: a) | B46: Metadaten
B47: Level / Ontologie (FRBR) | C47: Field name | D47: Description | E47: Requirement | F47: Field identifier | G47: Cardinality | H47: Data type | I47: Comment
B48: Work / Legal Resource | C48: Unique identifier | D48: The number or string used to uniquely identify the resource ELI URI schema | E48: mandatory | F48: id_document | G48: 1…* | H48: String | I48: Siehe 1 Identifizierung der Rechtsvorschriften
B49: Work / Legal Resource | C49: URI schema | D49: Reference to the URI schema used | E49: mandatory | F49: uri_schema | G49: 1 | H49: String | I49: URI of the URI template schema
B50: Work / Legal Resource | C50: Local identifier | D50: Local identifier: the unique identifier used in a local reference system | E50: optional | F50: id_local | G50: 0…* | H50: String | I50: Act’s reference in the EU’s, country’s or region’s own terminolo­gy, e.g. CELEX id, national id
B51: Work / Legal Resource | C51: Type of ligeslation | D51: The type of a legal resource (e.g. directive, rè­glement grand ducal, law, règlement ministe­ riel, draft proposition, Parliamentary act uws.) | E51: recommended | F51: type_document | G51: 0…1 | H51: Authority table: resource types | I51: For European law based on authority table: Resource types = class names in the OP’s common data model (CDM). For national and regional laws specified on the appro­ priate level. Types of legislation are specific for each jurisdiction
B52: Work / Legal Resource | C52: Territorial application | D52: Geographical scope of applicability of the re­ source (e.g. EU, country/Member State, region us | E52: optional | G52: 0…* | H52: Authority table | I52: Individual administrative units, taxonomy of possible values to be defined (NUTS taxonomy, two or more levels)
B53: Work / Legal Resource | C53: Agent/authority | D53: Organisation(s) responsible for the resource The European institution, other bodies or Member State or regional bodies, who initiated/ adopted the legal resource (e.g. European Par­liament, Luxembourg Government, Rheinland- Pfalz Parliam etc.) | E53: recommended | G53: 0…* | H53: Authority table: corporate body | I53: Based on authority tables: Corporate bodies/countries, if necessary extended to cover regional agents. Record project
B54: Work / Legal Resource | C54: Subagent/subauthority | D54: Person or suborganisation primarily responsi­ ble for the resource (e.g. name of ministry if applicab | E54: optional | G54: 0…* | H54: String | I54: Text indicating responsible ministries, DGs, us
B55: Work / Legal Resource | C55: Subject | D55: The subject of this legal resource | E55: optional | G55: 0…* | H55: Reference to Eurovoc (concept_Eurovoc) | I55: Eurovoc, national and regional extensions might be needed for areas not currently covered
B56: Work / Legal Resource | C56: Date of document | D56: The official adoption or signature date of the document | E56: recommended | G56: 0…1 | H56: String | I56: Format: YYYY-MM-DD
B57: Work / Legal Resource | C57: Date of publication | D57: Date in which this legal resource was officially published/ratified | E57: recommended | F57: date_publication | G57: 0…1 | H57: Date | I57: Format: YYYY-MM-DD Depending on the Member State, the date of publication or ratification (signature of the responsible organization)
B58: Work / Legal Resource | C58: Date entering in force | D58: Applicable date for the resource, if known and unique. Otherwise use controlled vocabulary such as ‘multiple‘, ‘unspecified-future‘, etc.) | E58: optional | F58: date_entry-in-force | G58: 0…* | H58: Date or String | I58: Format: YYYY-MM-DD or string ‘unspecified‘
B59: Work / Legal Resource | C59: Date no longer in force | D59: Applicable date starting from which the re­ source is not in force anymore | E59: optional | F59: date_no-longer-in-force | G59: 0…* | H59: Date or String | I59: Format: YYYY-MM-DD or string ‘unspecified‘
B60: Work / Legal Resource | C60: Status | D60: tatus of the legal resource (in force, not in force, partially applicable, implicitly revoked, explicitly revoked, repealed, expired, suspended, etc.) | E60: optional | F60: status | G60: 0…* | H60: String | I60: Free text
B61: Work / Legal Resource | C61: Related to | D61: Reference to draft bills, judgments, press re­ lease, usw. | E61: optional | F61: related_to | G61: 0…* | H61: URI identifier to other legal resource(s)
B62: Work / Legal Resource | C62: Changed by | D62: Legal resource changed (amended or replaced) by another legal resource (typically a newer version, replacement can be completely or par­tially) | E62: optional | F62: changed_by | G62: 0…* | H62: URI identifier to other legal resource(s)
B63: Work / Legal Resource | C63: Basis for | D63: Legal resource (enabling act) enables another one (secondary legislation) | E63: optional | F63: basis_for | G63: 0…* | H63: URI identifier to other legal resource(s) | I63: Enabling act/empowering act
B64: Work / Legal Resource | C64: Based on | D64: Legal resource is based on another legal re­ source (e.g. a Treaty article, a provision in the constitution, framework legislation, enabling act usw.) | E64: optional | F64: based_on | G64: 0…* | H64: URI identifier to other legal resource(s)
B65: Work / Legal Resource | C65: Cites | D65: References to other legal resources mentioned in the resource | E65: optional | F65: cites | G65: 0…* | H65: URI identifier to other legal resource(s)
B66: Work / Legal Resource | C66: Consolidates | D66: Reference to the consolidated version(s) of the resource | E66: optional | F66: consolidates | G66: 0…1 | H66: URI identifier to other legal resource(s)
B67: Work / Legal Resource | C67: Transposes | D67: References to other legal resources that allow Memmer States to adopt relevant legislation | E67: optional | F67: transposes | G67: 0…* | H67: URI identifier to other legal resource(s)
B68: Work / Legal Resource | C68: Transposed by | D68: References to other legal resources that have been adopted to comply with a framework legislation | E68: optional | F68: transposed_by | G68: 0…* | H68: URI identifier to other legal resource(s)
B69: Expression / Interpretation | C69: Expression belongs to a work | D69: Association of the expression with its work | E69: mandatory | F69: belongs_to | G69: 1 | H69: URI of work
B70: Expression / Interpretation | C70: Language | D70: Language version of the expression | E70: mandatory | F70: language_expression | G70: 1 | H70: String | I70: Based on authority table: Languages. Record project
B71: Expression / Interpretation | C71: Title | D71: Title of the expression | E71: mandatory | F71: title_expression | G71: 1 | H71: String | I71: The name given to the resource, usually by the creator or publisher
B72: Expression / Interpretation | C72: Short title | D72: Established short title of the expression (if any) | E72: optional | F72: short_title_expression | G72: 0…1 | H72: String
B73: Expression / Interpretation | C73: Alias | D73: Alternative title of the expression (if any) | E73: optional | F73: title_alternative | G73: 0…1 | H73: String
B74: Expression / Interpretation | C74: Publication reference | D74: Reference to the Official Journal or other pu­blication in which the legal resource is publis­ hed, identified by a suitable mechanism | E74: optional | F74: published_in | G74: 0…* | H74: String
B75: Expression / Interpretation | C75: Description of the act | D75: A suitable free text description of the legal resource in the expression’s language (e.g. using the abstract) | E75: optional | F75: description | G75: 0…1 | H75: String
B76: Manifestation / Format | C76: Manifestation belongs to an expression | D76: Association of the manifestation with its ex­pression | E76: recommended | F76: manifests | G76: 0…1 | H76: URI of expression | I76: If a link to a file is given, then the manifests element must be present
B77: Manifestation / Format | C77: Link to file | D77: Link to the concrete file (can be a local link) | E77: recommended | F77: link_manifestation | G77: 0…* | H77: Any URI
B78: Manifestation / Format | C78: Publisher | D78: The entity (e.g. agency including unit/branch/ section) responsible for making the resource available in its present form, such as a publi­ shing house, a university department, or a cor­porate entity | E78: optional | F78: publisher | G78: 0…* | H78: String | I78: In a given country often a constant
A81: b) | B81: Ontologie (FRBR)
B83: Namespace | C83: Abbreviation (Prefix) | D83: Description | E83: Source
B84: http://data.europa.eu/eli/ontology# | C84: eli: | D84: This URI resolves to the OWL file of the ontology | E84: Source: Technical implementation guide 3.1
B86: Die Ontologie befasst sich mit der „expliziten, formalisierten Spezifizierung einer gemeinsamen Konzeptualisierung“ und stellt sich als formelle Beschreibung eines Satzes an Konzepten und der Beziehungen innerhalb einer gegebenen Domäne dar. Die Beschreibung der Eigenschaften der Rechtsvorschriften und der Beziehungen zwischen unterschiedlichen Konzepten ermöglicht ein gemeinsames Verständnis und vermeidet, dass Bezeichnungen doppeldeutig sind. Als formalisierte Spezifizierung ist sie direkt automatisch lesbar. ELI selbst baut auf dem etablierten Modell der funktionellen Anforderungen für bibliographische Einträge (Functional requirements for bibliographic records; FRBR, http://archive.ifla.org/VII/s13/frbr/) auf, das mit anderen aktuellen relevanten Standardisierungsinitiativen abgestimmt wurde. Die FRBR unterscheiden zwischen den Konzepten „Werk“ („work“; eine klar umgrenzte intellektuelle oder künstlerische Schöpfung), „Ausdruck“ („expression“, die intellektuelle oder künstlerische Umsetzung des Werks) und „Darstellung“ („manifestation“, die physische Verkörperung des Ausdrucks). ELI beschreibt Rechtsressourcen anhand der entsprechenden Abstraktion: - Work Ebene: Agent erschafft Legal Resource über ein Subject. E.g. Directive 2008/98/EC [...] on waste - Expression Ebene: Die verschiedenen Interpretations in unterschidlichen Sprachen sind von der Legal Resource abgeleitet. - Manifestation: DIe unterschiedlichen Sprachversionen erscheinen in unterschiedlichen Formaten, e.g. PDF oder HTML.
B87: Data model: The ELI ontology defines a core model for describing legal resources, aimed at supporting linked data publishing of these legal resources metadata. FRBR: It is based on the FRBR model and accommodates the differences of national legal systems to build a semantic web of legal gazettes and official journals. Scope: ELI aims at describing the legal corpus of a country; as such, it does not include the necessary constructs to describe draft legislation, which are described in a separate extension called ELI-DL (4) (ELI for Draft Legislation). | E87: Source: Technical implementation guide 3.1
B88: ELI does include a few generic FRBR classes, not particularly focused on legislation (eli:Work, eli:Expression, eli:Manifestation) that can serve as the basis to type and describe non-legislation documents. FRBR stands for Functional Requirements for Bibliographic Records. It is a conceptual model created by library experts, and it separates the information attached to a record in 4 categories: | E88: Source: Technical implementation guide 3.2
B90: FRBR | C90: Description | D90: Class
B91: Work | C91: properties of the artistic creation (e.g., keywords).
B92: Expression | C92: properties of its textual content (e.g., the language of the text).
B93: Manifestation | C93: properties of the edition to which the exemplar belongs (e.g., the publisher).
B94: Item | C94: properties describing the individual exemplar (e.g., author’s dedication on the first page).
A96: 3 | B96: Einführung auf nationaler Ebene
B98: Voraussetzung | C98: Beschreibung
B99: Jeder Mitgliedstaat, der den ELI verwendet, muss einen nationalen ELI-Koordinator benennen. Jedes Land darf nur über einen ELI-Koordinator verfügen. | C99: Der nationale ELI-Koordinator ist zuständig für a) die Berichterstattung über den Fortschritt bei der Einführung des ELI; b) die Festlegung der anwendbaren URI-Schematafel(n) und ihre Übermittlung an das Amt für Veröffentlichungen der Europäischen Union; c) die Erfassung der verfügbaren Metadaten und ihrer Beziehung zum ELI-Metadaten-Schema (falls anwendbar); d) die gemeinsame Nutzung und Verbreitung von Informationen zu ELI | K99: Cédric Joseph
B100: Die Einführung des ELI auf nationaler Ebene ist Sache der jeweiligen Mitgliedstaaten. | C100: ELI kann fakultativ auch in Druckausgaben der Rechtsvorschrift verwendet werden, um die Bezugnahme zu vereinfachen.
B101: Es sollte eine ELI-Website eingerichtet werden; diese Website sollte Bestandteil des EUR-Lex-Portals sein. | C101: Die Website sollte Folgendes enthalten: a) Informationen über das Format und die Verwendung des ELI. In Bezug auf das Format sollte sie Folgendes enthalten: die Formatierungsregeln nach Nummer 1, (eine Bezugnahme auf) die Liste der Kürzel der teilnehmenden Länder, [und] technische Angaben; b) Angaben darüber, ob Metadaten und Ontologie im Sinne der Nummer 2 verfügbar sind; c) Angaben zu den nationalen ELI-Koordinatoren: ihre Aufgaben und Zuständigkeiten, aber auch für jedes Land die Kontaktdaten.
B103: Schlussfolgerungen des Rates mit einem Aufruf zur Einführung des European Legislation Identifier (ELI) (2012/C 325/02)
B121: Good practices and guidelines
B122: Source:
B124: the ELI implementation methodology consists of two parts. Despite the order of pillars and their steps forming a coherent flow — i.e. (1) design and implement ELI identifiers for legislation, (2) design and implement metadata management and (3) publish legislation enriched with metadata — not all pillars and steps have to be implemented at once. Some may decide to limit their implementation only to using ELI identifiers for all their published legislation. Others may implement all three pillars at once for a limited part of their published legislation, and then gradually for all of it.
B125: Organisation and Policy
B126: Technical implementation

Sheet ELI
A1: ELI Ontology v.1.5
A2: Source: https://op.europa.eu/en/web/eu-vocabularies/dataset/-/resource?uri=http://publications.europa.eu/resource/dataset/eli
A4: File | B4: Description | C4: Reihenfolge
A5: ELI-validation-rules.zip | B5: contains shapes (recommended, core, ranges) | C5: 4-5
A6: ELI-release-note.docx | B6: ELI 1.5 Version Note (see below) | C6: 0
A7: catalog-v001.xml
A8: eli-sdo.ttl
A9: eli.owl
A10: ELI-sdo.xlsx | B10: ELI Schema Mapping | C10: 3
A11: eli-diagrams.pptx | B11: ELI Diagrams | C11: 2
A12: eli.xlsx | B12: ELI Ontology | C12: 1
A16: ELI 1.5 Version Note
A18: Released : September 2023
A19: Summary
A20: ELI 1.5 introduces slight modifications driven by modifications in the ELI-DL extension model.
A21: The most significant change is the addition of a couple of high-level properties eli:refers_to / eli:is_referred_to_by at the Work or Expression level. “refers_to” is meant to indicate a reference from the content of a work to any other entity, be it another work, or an agent or activity. As such, eli:refers_to is a super-property of eli:cites.
A22: Note that other kinds of links such as eli:changes, amends, etc. Have not been declared subproperties of eli:refers_to, as they are to be understood from a legal perspective, not necessarily involving that the changes/amended work is actually written as a reference in the text.
A23: Backward-compatibility
A24: ELI 1.5 is backward compatible with ELI 1.4.
A25: It is not required to change existing ELI metadata publication.
A26: Semantic changes
A27: • Introduced eli:refers_to / eli:is_referred_to_by on Work or Expression : “Any entity that this work or expression refers to ; typically references are made to other Works, but it can be also to legislative processes, persons, etc.”
A28: • Made eli:cites / eli:cited_by subproperties of eli:refers_to / eli:is_referred_to_by
... A33: None

Sheet ELI Implementation
A1: ELI Implementation
A3: Abbreviations
A4: URIs are cited in the text of this document in an abbreviated form:
A5: URI | B5: Abbrevisation | C5: What it stands for
A6: http://data.europa.eu/eli/ontology# | B6: eli: | C6: Europen Legislation Identifier (ELI)
A7: http://data.europa.eu/eli/eli-draft-legislation-ontology# | B7: eli-dl: | C7: ELI for draft legislation (ELI-DL)
A8: http://www.w3.org/1999/02/22-rdf-syntax-ns# | B8: rdf: | C8: Resource Description Framework (RDF)
A9: http://www.w3.org/2000/01/rdf-schema# | B9: rdfs:
A10: http://www.w3.org/2004/02/skos/core# | B10: skos: | C10: Simple Knolwedge Organiszation System (SKOS)
A11: http://purl.org/dc/terms/ | B11: dct: | C11: Dublin Core Terms Metadata (DCT)
A12: https://www.iana.org/assignments/media-types/ | B12: iana:
A14: So, for example, eli:LegalResource is an abbreviation of <http://data.europa.eu/eli/ontology#LegalResource>.
A17: ELI URI identifiers
A18: In the context of ELI, URIs are used to identify legal resources, their expressions in specific languages and formats, agents that passed or made the law, geographic areas, languages, and other concepts. Anything needed to express ELI metadata is identified by a URI. In the context of ELI, URI are said to be constructed using “com- ponents”; a URI component is a piece of information used as part the URI, like {year}, {type_document}, {language}, etc. Components are usually separated by “/”, e.g. http://exemple.eu/eli/{type_docu- ment}/{year}/{language}.
A20: Requirements
A21: close to citation; not opaque or obscure; readable by end users
A22: stable components over time
A23: hierarchical structure
A25: Terms | B25: Description | F25: Example
A26: URI | B26: Identification
A27: URL | B27: Location
A28: Canoncial URIs | B28: the official URI to identify a resource; typically this URI would be used as the subject of the RDF triples used to encode the data, and would be the one stored as the primary key in a metadata database, if such a database exists
A29: Alises URIs | B29: other URIs to refer to resources that are identified by a canonical URI. These aliases URIs can serve as alternative ways for users to identify or access the corresponding resource but are typically not used when expressing metadata internally | F29: http://legifrance.gouv.fr/eli/loi/2014/10/13/AGRX1324417L/jo/texte has the alias http://legifrance.gouv.fr/eli/loi/2014/10/13/2014-1170/jo/texte.
A30: Full URIs | B30: Full URIs serve as identifiers for legislation
A31: Incomplete URIs / Partial URIs | B31: link to the beginning of the URI | F31: /eli/{typedoc} should return a (paginated) list of all the documents of the given type. /eli/{typedoc}/{year} should return a (paginated) list of all the documents of the given type published in the given year. /eli/{typedoc}/{year}/{natural_number} should redirect to the latest consolidated version or base act of the document with the given document type, year, and number.
A32: ELI Registry (EUR-LEX) | B32: registry of the ELI identifier schemes used by the member states that have implemented ELI | F32: http://eur-lex.europa.eu/eli-register/about.html
A33: EU Office of Publications - Directive / Regulation | B33: Example URI | F33: http://data.europa.eu/eli/{typedoc}/{year}/ {natural_number}/oj: canonical ELI to identify a directive or regulation.
A34: EU Office of Publications - Directive / Regulation - Corrigendum | B34: Example URI | F34: http://data.europa.eu/eli/{typedoc}/{year}/ {natural_number}/corrigendum/{publication_ date}/oj: canonical ELI to identify a corrigendum.

Sheet ELI Ontology
A1: Source: https://op.europa.eu/en/web/eu-vocabularies/dataset/-/resource?uri=http://publications.europa.eu/resource/dataset/eli
A2: Documentation
A4: ELI ontology version 1.5 | C4: Blue cells indicate semantic changes from v1.4
C5: Light blue cells indicate editorial changes from v1.4
C6: Red cells indicate important cardinality characteristic (mandatory / not repeatable)
B7: Namespace : | C7: http://data.europa.eu/eli/ontology#
A9: Name | B9: Based on (superproperty, superclass, broader) | C9: Applicable to (domain) | D9: Allowed values (range) | E9: Mandatory | F9: Repeatable | G9: Description | H9: Created in | I9: Modified in | J9: History note
A10: Generic Classes
A11: Work | B11: frbroo:F1_Work | C11: n/a | D11: n/a | E11: n/a | F11: n/a | G11: Any distinct intellectual creation (i.e., the intellectual content), in the context of ELI. The substance of Work is ideas. | H11: 1.3 | I11: 1.3
A12: ComplexWork | B12: eli:Work | C12: n/a | D12: n/a | E12: n/a | F12: n/a | G12: Works that have other works as members. The members of a Complex Work may constitute alternatives to or derivatives of other members of the same Complex Work. Typically the members of the complex work represent the successive temporal versions of an act, while the complex work represents the act independantly of one of its version. | H12: 1.4 | I12: 1.4
A13: WorkSubdivision | B13: eli:Work | C13: n/a | D13: n/a | E13: n/a | F13: n/a | G13: A component of a work, at an arbitrary level of precision. A subdivision can be linked with its parent and children subdivision using eli:has_part / eli:is_part_of. | H13: 1.4 | I13: 1.4
A14: Expression | B14: frbroo:F22_Self-Contained_Expression | C14: n/a | D14: n/a | E14: n/a | F14: n/a | G14: The intellectual realisation of a Work in the form of identifiable immaterial objects, such as, but not limited to, text. The substance of Expression is signs. An Expression cannot exist without a physical carrier but do not depend on a specific physical carrier and can exist on one or more carriers simultaneously. | H14: 1.3 | I14: 1.3
A15: Manifestation | B15: frbroo:F3_Manifestation_Product_Type | C15: n/a | D15: n/a | E15: n/a | F15: n/a | G15: The physical embodiment of an Expression, either on paper or in any electronic format. The substance of Manifestation is not only signs, but also the manner in which they are presented to be consumed by users, including the kind of media adopted. | H15: 1.3 | I15: 1.4
A16: Agent | B16: frbroo:E39_Actor | C16: n/a | D16: n/a | E16: n/a | F16: n/a | G16: Individual people or groups of people, like an institution with a legal recognition, who have the potential to perform intentional actions for which they can be held responsible. | H16: 1.0 | I16: 1.4 | J16: V1.4 : subClassOf E39_ACtor instead of equivalent. V1.3 : added a definition.
A17: Person | B17: eli:Agent, frbroo:F10_Person | C17: n/a | D17: n/a | E17: n/a | F17: n/a | G17: A real person who live or has lived. | H17: 1.3 | I17: 1.4 | J17: v1.4 : set as subclass of F10_Person
A18: Organization | B18: eli:Agent, frbroo:F11_Corporate_Body | C18: n/a | D18: n/a | E18: n/a | F18: n/a | G18: Institutions or groups of people that have obtained a legal recognition as a group and can act collectively as agents. | H18: 1.3 | I18: 1.4 | J18: v1.4 : set as subclass of F11_Corporate_Body
A20: Legislation-specific classes
A21: LegalResource | B21: eli:Work | C21: n/a | D21: n/a | E21: n/a | F21: n/a | G21: A work in a legislative corpus. This applies to acts that have been legally enacted (whether or not they are still in force). For example, the abstract concept of the legal resource; e.g. "act 3 of 2005" (adapted from Akoma Ntoso) A legal resource can represent a legal act or any component of a legal act, like an article. Legal resources can be linked together using properties defined in the model. Note that ELI ontology accommodates different point of view on what should be considered a new legal resource, or a new legal expression of the same resource. Typically, a consolidated version can be viewed, in the context of ELI, either as separate legal resource (linked to original version and previous consolidated version using corresponding ELI relations), or as a different legal expression of the same legal resource. | H21: 1.0 | I21: 1.3 | J21: v1.3 : declared as a subclass of eli:Work v1.2 : replaced reference of RDA with FRBRoo (for more information on FRBRoo, see https://www.ifla.org/node/10171) .
A22: LegalResourceSubdivision | B22: eli:LegalResource + eli:WorkSubdivision | C22: n/a | D22: n/a | E22: n/a | F22: n/a | G22: A component of a legal act, at an arbitrary level of precision, like a chapter, an article, an alinea, a paragraph or an list item. A subdivision can be linked with its parent and children subdivision using eli:has_part / eli:is_part_of. | H22: 1.1 | I22: 1.4 | J22: v1.4 : added WorkSubdivision as a superclass
A23: LegalExpression | B23: eli:Expression | C23: n/a | D23: n/a | E23: n/a | F23: n/a | G23: The intellectual realisation of a legal resource in the form of a "sequence of signs" (typically alpha-numeric characters in a legal context). For example, any version of the legal resource whose content is specified and different from others for any reason: language, versions, etc.; Note that ELI ontology accommodates different point of view on what should be considered a new legal resource, or a new legal expression of the same resource. Typically, a consolidated version can be viewed, in the context of ELI, either as separate legal resource (linked to original version and previous consolidated version using corresponding ELI relations), or as a different legal expression of the same legal resource. | H23: 1.0 | I23: 1.3 | J23: v1.3 : declared as a subclass of eli:Expression v1.2 : replaced reference of RDA with FRBRoo (for more information on FRBRoo, see https://www.ifla.org/node/10171) .
A24: Format | B24: eli:Manifestation | C24: n/a | D24: n/a | E24: n/a | F24: n/a | G24: The physical embodiment of a legal expression, either on paper or in any electronic format. For example, any electronic or physical format of the legal expression (XML, TIFF, PDF, etc.) ; e.g. PDF version of act 3 of 2005. (adapted from Akoma Ntoso). Note that the notion of Format in ELI is more precise than a FRBR Manifestation in the sense that a Format in ELI can carry a legal value (see the property eli:legal_value). | H24: 1.0 | I24: 1.3 | J24: v1.3 : declared as a sublcass of eli:Manifestation v1.2 : replaced reference of RDA with FRBRoo (for more information on FRBRoo, see https://www.ifla.org/node/10171) .
A27: Properties : Generic FRBR structure
A28: is_part_of | B28: dcterms:isPartOf | C28: Work | D28: Work | E28: no | F28: yes | G28: Indicates a work in which this one is physically included. Covers the case of text included in an Official Journal, or an article included in a text. For the notion of conceptual/temporal inclusion, use eli:is_member_of. | H28: 1.0 | I28: 1.3 | J28: v1.3 : broaden the domain and range to Work instead of LegalResource Starting with v1.1, the notion of conceptual inclusion is expressed with eli:is_member_of instead of eli:is_part_of.
A29: has_part | B29: dcterms:hasPart | C29: Work | D29: Work | E29: no | F29: yes | G29: Inverse of "is_part_of" | H29: 1.0 | I29: 1.3 | J29: v1.3 : broaden the domain and range to Work instead of LegalResource
A30: is_member_of | B30: dcterms:isPartOf frbroo:R10i_is_member_of | C30: Work | D30: Work | E30: no | F30: yes | G30: Indicates that this work is conceptually included in another one. In the case of a legislation, its successive temporal versions are conceptually members of a single « abstract » resource. For the notion of physical inclusion, use eli:is_part_of. | H30: 1.1 | I30: 1.3 | J30: v1.3 : broaden the domain and range to Work instead of LegalResource v1.2 : replaced reference of RDA with FRBRoo.
A31: has_member | B31: dcterms:hasPart frbroo:R10_has_member | C31: Work | D31: Work | E31: no | F31: yes | G31: Indicates that this work conceptually includes another one. For the notion of physical inclusion, use eli:has_part. | H31: 1.1 | I31: 1.3 | J31: v1.3 : broaden the domain and range to Work instead of LegalResource v1.2 : replaced reference of RDA with FRBRoo.
A32: is_realized_by | B32: frbroo:R3_is_realised_in | C32: Work | D32: Expression | E32: no | F32: yes | G32: Relates a work to an expression of this work in the form of a "sequence of signs" (typically alpha-numeric characters in a legal context). Inverse of "realizes". | H32: 1.0 | I32: 1.3 | J32: v1.3 : broaden the domain to Work instead of LegalResource and range to Expression instead of LegalExpression. v1.2 : replaced reference of RDA with FRBRoo.
A33: realizes | B33: frbroo:R3i_realises | C33: Expression | D33: Work | E33: yes | F33: no | G33: Relates an expression to a work realised through that expression. Inverse of "is_realized_by". | H33: 1.0 | I33: 1.3 | J33: v1.3 : broaden the domain to Expression instead of LegalExpression and the range to Work instead of LegalResource. v1.2 : replaced reference of RDA with FRBRoo.
A34: is_embodied_by | B34: frbroo:R4_carriers_provided_by | C34: Expression | D34: Manifestation | E34: no | F34: yes | G34: Relates an expression to a manifestation of that expression. Inverse of "embodies". | H34: 1.0 | I34: 1.3 | J34: v1.3 : broaden the domain to Expression instead of LegalExpression and the range to Manifestation instead of Format. v1.2 : replaced reference of RDA with FRBRoo.
A35: embodies | B35: frbroo:R4i_comprises_carriers_of | C35: Manifestation | D35: Expression | E35: yes | F35: no | G35: Relates a manifestation to the expression that it embodies. Inverse of "is_embodied_by". | H35: 1.0 | I35: 1.3 | J35: v1.3 : broaden the domain to Manifestation instead of Format and the range to Expression instead of LegalExpression. v1.2 : replaced reference of RDA with FRBRoo. In v1.1, this was declared functional (the constraint was missing in 1.0)
A36: is_exemplified_by | B36: frbroo:R7i_has_example | C36: Manifestation | D36: owl:Thing | E36: no | F36: yes | G36: Link to a concrete file URL. Relates a manifestation to a single exemplar or instance of that manifestation. | H36: 1.0 | I36: 1.3 | J36: v1.3 : broaden the domain to Manifestation instead of Format. v1.2 : replaced reference of RDA with FRBRoo.
A39: Properties : description
A40: number | C40: Work; Expression | D40: xsd:string | E40: no | F40: yes | G40: An identifier or other disambiguating feature for a work or expression. This can be the number of a legislation, the number of an article, or the issue number of an official journal. | H40: 1.1 | I40: 1.5 | J40: v1.5 : broaden the domain to Work or Expression instead of LegalResource or LegalExpression.
A41: uri_schema | C41: LegalResource; LegalExpression; Format | D41: owl:Thing | E41: no | F41: yes | G41: Schema describing the URI of an ELI instance. ELI uses URI template specifications (IETF RFC 6570). Schemes should be associated with member states and will be published in a registry. | H41: 1.0
A42: id_local | B42: dcterms:identifier | C42: LegalResource; LegalExpression; Format | D42: xsd:String or xsd:AnyURI | E42: no | F42: yes | G42: The unique identifier used in a local reference system to maintain backwards compatibility. For examples the CELEX at EU level, or the NOR in France | H42: 1.0
A43: work_type | B43: dcterms:type | C43: Work | D43: WorkType, corresponding to a local concept scheme. | E43: no | F43: yes | G43: The type of a work, taken from a controlled vocabulary. Member States need to define their own work type values. | H43: 1.4
A44: type_document | B44: work_type | C44: LegalResource | D44: eli:ResourceType, corresponding to a local concept scheme. | E44: yes | F44: yes | G44: The type of a legal resource (e.g. "Directive", "Règlement grand ducal", "law", "règlement ministériel", "draft proposition", "Parliamentary act", etc.). Member states are encouraged to make their own list of values in the corresponding concept scheme. EU Publications Office provides a list of values for EU resource types at https://op.europa.eu/en/web/eu-vocabularies/at-dataset/-/resource/dataset/resource-type | H44: 1.0 | I44: 1.4 | J44: v1.4 : Moved under work_type v1.3 : Updated link to EU vocabularies website in the definition.
A45: type_subdivision | B45: dcterms:type | C45: WorkSubdivision | D45: eli:SubdivisionType, corresponding to a local concept scheme | E45: no | F45: no | G45: The type of a document subdivision (e.g. "Article", "Paragraph", "Section", etc.). A subdivision can have only one type. ELI does not specify a list of possible values. Member states are encouraged to make their own list of values in the corresponding concept scheme. EU Publication Office provies a list of values for EU resource types at https://op.europa.eu/en/web/eu-vocabularies/at-dataset/-/resource/dataset/subdivision | H45: 1.3 | I45: 1.4 | J45: v1.4 : Broaden range to WorkSubdivision
A46: relevant_for | B46: dcterms:coverage | C46: LegalResource; LegalExpression | D46: eli:AdministrativeArea, containing the list of administrative territorial units defined in http://publications.europa.eu/mdr/authority/atu | E46: no | F46: yes | G46: Refers to a place or an area associated with the resource. This covers the notions of jurisdiction, sovereignty, applicability or administrative area. The place identifier can be taken from the Administrative Territorial Unit table published of the EU Publications Office at https://op.europa.eu/en/web/eu-vocabularies/at-dataset/-/resource/dataset/atu. Member States don't have to recreate their own list of values. The group notes the limitations of what can be said with a single property; member states can refine this notion by declaring specific sub properties. | H46: 1.0 | I46: 1.3 | J46: v1.3 : Updated link to EU vocabularies website in the definition. Starting from v1.1, the values for this property can be taken from the named authority list published by the Office of Publications instead of defining new values.
A47: jurisdiction | B47: eli:relevant_for | C47: LegalResource; LegalExpression | D47: eli:AdministrativeArea, containing the list of administrative territorial units defined in http://publications.europa.eu/mdr/authority/atu | E47: no | F47: yes | G47: The jurisdiction from which the legal resource originates. The place identifier can be taken from the Administrative Territorial Unit table published of the EU Publications Office at https://op.europa.eu/en/web/eu-vocabularies/at-dataset/-/resource/dataset/atu. Member States don't have to recreate their own list of values. | H47: 1.1 | I47: 1.3 | J47: v1.3 : Updated link to EU vocabularies website in the definition.
A48: passed_by | B48: dcterms:creator | C48: LegalResource | D48: eli:Agent | E48: no | F48: yes | G48: The person or organization that originally passed or made the law : typically parliament (for primary legislation) or government (for secondary legislation). This indicates the "legal author" of the law, as opposed to its physical author. This property can be used multiple times to indicate both the agent that authored the text, and/or the agent that signed the text, thus turning it into an actual legislation. The relationship between current and any former law making body should be represented in the description of the agent itself. Member states are encouraged to make their own list of Agents. EU Publications Office provides a list of corporate bodies at https://op.europa.eu/en/web/eu-vocabularies/at-dataset/-/resource/dataset/corporate-body. | H48: 1.0 | I48: 1.3 | J48: v1.3 : Updated link to EU vocabularies website in the definition. In v1.1, the semantic of this property was broaden to encompass organisations/persons that « drafted the text » and « signed it ».
A49: countersigned_by | C49: LegalResource | D49: eli:Agent | E49: no | F49: yes | G49: A person or organization that countersigned the legislation. Depending on the legal context, a countersignature can indicate that the signed authority undertakes to assume responsibility for texts emanating from a person who is inviolable and irresponsible, (for example a King, Grand Duc or President), or that the authority is in charge of the implementation of the text. | H49: 1.3
A50: responsibility_of | C50: LegalResource | D50: xsd:String | E50: no | F50: yes | G50: An individual, organisation or organisational unit that has some kind of responsibility for the legislation. Typically the ministry who is/was in charge of elaborating the legislation, or the adressee for potential questions about the legislation once it is published. This property should be used when the value cannot be identified by a suitable URI; if a URI is available, the property "responsibility_of_agent" should be used. | H50: 1.0 | I50: 1.1 | J50: v1.1 : the definition was made more precise, with examples. Introduced the corresponding object property responsibility_of_agent.
A51: responsibility_of_agent | C51: LegalResource | D51: eli:Agent | E51: no | F51: yes | G51: An individual, organisation or organisational unit that has some kind of responsibility for the legislation. Typically the ministry who is/was in charge of elaborating the legislation, or the adressee for potential questions about the legislation once it is published. This property should be used when the value can be identified by a suitable URI; in the absence of such a URI, the property "responsibility_of" should be used with a string value. | H51: 1.1
A52: is_about | B52: dcterms:subject | C52: Work | D52: skos:Concept (Eurovoc or a locally defined scheme) | E52: no | F52: yes | G52: A subject for this work. The use of Eurovoc (http://eurovoc.europa.eu) is encouraged to select values for this property. Member states are encouraged to align local values to Eurovoc. | H52: 1.0 | J52: v1.4 : broaden domain to Work
A53: description | B53: dcterms:description | C53: LegalResource; LegalExpression | D53: rdfs:Literal | E53: no | F53: yes | G53: An account of the resource (definition from Dubin Core), e.g a summary. | H53: 1.0 | J53: v1.2 : changed range from xsd:string to rdfs:Literal
A54: version | C54: LegalResource; LegalExpression | D54: eli:Version, corresponding to a local concept scheme | E54: no | F54: yes | G54: A version status for the resource. Member states are encouraged to make their own list of values in the Version concept scheme. Example of such values can be "Official Journal", "made", "consolidated", "proposed", "prospective", etc. | H54: 1.0
A55: version_date | B55: dcterms:date | C55: LegalResource; LegalExpression | D55: xsd:date | E55: no | F55: no | G55: The point-in-time at which the provided description of the legislation is valid. | H55: 1.0 | I55: 1.1 | J55: v1.1 : improved definition
A56: Properties : dates and date-related
A57: date_document | B57: dcterms:date | C57: Work | D57: xsd:date | E57: no | F57: no | G57: Date of adoption or signature (of the form yyyy-mm-dd) | H57: 1.0 | I57: 1.4 | J57: v1.4 : broaden domain to Work
A58: date_publication | B58: dcterms:issued | C58: LegalResource or LegalExpression | D58: xsd:date | E58: no | F58: no | G58: Date of publication of the official version of the legislation, in hard copy or online, depending on what the official publication is, and when it was published. Publication dates at the level of legal expressions can be separately asserted, using standard Dublin Core properties. | H58: 1.0 | I58: 1.1 | J58: In v1.1, the domain was broaden to add LegalExpression.
A59: in_force | C59: LegalResource or LegalExpression | D59: eli:InForce, corresponding to a concept scheme for which 3 values are defined in the ELI ontology. Member states do not need to define their own values for this table. | E59: no | F59: no | G59: A value indicating the legal force of a legal resource or a legal expression. A set of values is defined by ELI in the corresponding concept scheme. These values are : - in force - partially in force - not in force | H59: 1.0 | I59: 1.1
A60: first_date_entry_in_force | C60: LegalResource or LegalExpression | D60: xsd:date | E60: no | F60: no | G60: The first date any part of the legal resource or legal expression came into force (can be seen as the start date of a dc:valid range for this resource) | H60: 1.0
A61: date_no_longer_in_force | C61: LegalResource or LegalExpression | D61: xsd:date | E61: no | F61: no | G61: The last date any part of the legislation is in force, if the date is known (can be seen as the end date of a dc:valid range for this resource). | H61: 1.0 | I61: 1.2 | J61: v1.2 : improved definition
A62: date_applicability | C62: LegalResource or LegalExpression | D62: xsd:date | E62: no | F62: yes | G62: The date at which the legislation becomes applicable. This is distinct from the date of entry into force : a text may come in force today, and state it will become applicable in 3 months. The group notes that applicability dates can lead to complex situations, e.g. a text with different applicability dates for different jurisdictions; specific extensions to the model should be used for such situations. | H62: 1.1
A63: Properties : relations
A64: refers_to | B64: dcterms:relation | C64: Work; Expression | D64: owl:Thing | E64: no | F64: yes | G64: Any entity that this work or expression refers to ; typically references are made to other Works, but it can be also to legislative processes, persons, etc. Note that specific subproperties exist in ELI-DL to describe future legal impacts (\"foresees_xxxx\" links) and links between amendments and draft legislation. Example : an opinion refers to the specific version of the draft legislation on which it is based. | H64: 1.5
A65: is_referred_to_by | B65: dcterms:relation | C65: owl:Thing | D65: Work; Expression | E65: no | F65: yes | G65: Indicates a work or expression that refers to this entity. | H65: 1.5
A66: related_to | B66: dcterms:relation | C66: LegalResource; LegalExpression | D66: owl:Thing | E66: no | F66: yes | G66: Indicates a somehow related other document, not necessarily a legal resource. Note that citation links should use the cites property. | H66: 1.0
A67: is_derivative_of | B67: dcterms:relation | C67: Work or Expression | D67: Work or Expression | E67: no | F67: yes | G67: A Work or Expression from which this one derives | H67: 1.4
A68: has_derivative | B68: dcterms:relation | C68: Work or Expression | D68: Work or Expression | E68: no | F68: yes | G68: Inverse of is_derivative_of | H68: 1.4
A69: has_annex | B69: dcterms:relation | C69: Work or Expression | D69: Work or Expression | E69: no | F69: yes | G69: Indicates an annex to this this work or expression . | H69: 1.4
A70: is_annex_of | B70: dcterms:relation | C70: Work or Expression | D70: Work or Expression | E70: no | F70: yes | G70: Indicates this work or expression is an annex of another one. | H70: 1.4
A71: changes | B71: dcterms:relation | C71: Work or Expression | D71: Work or Expression | E71: no | F71: yes | G71: Indicates that this work or expression legally changes another. This encompasses the notions of amendment, replacement, repeal, or other types of change. This may be a direct change (textual or non-textual amendment) or a consequential or indirect change. Note, the property is to be used to express the existence of a change relationship between two acts rather than the existence of a consolidated version of the text that shows the result of the change. For consolidation relationships, use the "consolidates" and "consolidated_by" properties. | H71: 1.0 | I71: 1.4 | J71: v1.4 : broaden to Work or Expression v1.1 : improved definition
A72: changed_by | B72: dcterms:relation | C72: Work or Expression | D72: Work or Expression | E72: no | F72: yes | G72: Inverse of « changes ». Indicates that this work or expression is being legally changed by another. This encompasses the notions of amendment, replacement, repeal, or other types of change. | H72: 1.0 | I72: 1.4 | J72: v1.4 : broaden to Work or Expression v1.1 : improved definition
A73: basis_for | B73: dcterms:relation | C73: Work or Expression | D73: Work | E73: no | F73: yes | G73: Indicates that this work or expression empowers another . Typically primary legislation is the basis for secondary legislation. | H73: 1.0 | I73: 1.4 | J73: v1.4 : broaden to Work or Expression v1.1 : improved definition
A74: based_on | B74: dcterms:relation | C74: Work | D74: Work or Expression | E74: no | F74: yes | G74: Inverse of "basis_for". Indicates that thiswork is empowered by another one, typically a constitution, a treaty or an enabling act. | H74: 1.0 | I74: 1.4 | J74: v1.4 : broaden to Work or Expression v1.1 : improved definition
A75: cites | B75: refers_to | C75: LegalResource; LegalExpression | D75: owl:Thing | E75: no | F75: yes | G75: Citation in the text of the legislation. This may be at the legal resource or legal expression level, as required by the implementation context. This includes verbatim citation and citations in referrals. | H75: 1.0 | I75: 1.5 | J75: v1.5 : was made a subproperty of eli:refers_to
A76: cited_by | B76: is_referred_to_by | C76: owl:Thing | D76: LegalResource; LegalExpression | E76: no | F76: yes | G76: Inverse of "cites". Note that the intended meaning of this link is to indicate that "something is cited by a legislation" and not that "this legislation is cited by something". | H76: 1.0 | I76: 1.5 | J76: v1.5 : was made a subproperty of eli:is_referred_to_by v1.2 : improved definition
A77: consolidates | B77: dcterms:relation | C77: LegalResource; LegalExpression | D77: LegalResource; LegalExpression | E77: no | F77: yes | G77: Indicates that this consolidated legal resource or expression (which is usually the product of an editorial process that revises the legislation) takes into account another one. This property should be used multiple times to refer to both the original version or the previous consolidated version, and to the legislations making the change. | H77: 1.0 | I77: 1.1 | J77: v1.1 : improved definition
A78: consolidated_by | B78: dcterms:relation | C78: LegalResource; LegalExpression | D78: LegalResource; LegalExpression | E78: no | F78: yes | G78: Inverse of "consolidates". Indicates that this legal resource or expression is taken into account in a consolidated text (which is usually the product of an editorial process that revises the legislation). | H78: 1.0 | I78: 1.1 | J78: v1.1 : improved definition
A79: transposes | B79: applies | C79: LegalResource; LegalExpression | D79: LegalResource | E79: no | F79: yes | G79: Indicates that this legislation (or part of legislation) fulfills the objectives set by another legislation, by passing appropriate implementation measures. Typically, some legislations of European Union's member states or regions transpose European Directives. This indicates a legally binding link between the 2 legislations, at act or article level, from the original version of a national implementing measure to the legal resource Directive as published in the EU Official Journal. Can be used for transposition tables, once EU Publication Office has introduced ELI support down to the article level. The implementation of EU legislation at national level, involving links to EU regulations, decisions, etc. must be captured with eli:ensures_implementation_of. Note that this should point to the legal resource of the Directive itself, not to one of its language-specific legal expression. | H79: 1.0 | I79: 1.1 | J79: v1.1 : this property was made a subproperty of "applies", and the definition was improved.
A80: transposed_by | B80: applied_by | C80: LegalResource | D80: LegalResource; LegalExpression | E80: no | F80: yes | G80: Inverse of "transposes". Note that this property is expressed on a legal resource, not on one of its language-specific legal expression. | H80: 1.0 | I80: 1.1 | J80: v1.1 : this property was made a subproperty of "applied_by"
A81: ensures_implementation_of | B81: applies | C81: LegalResource; LegalExpression | D81: LegalResource | E81: no | F81: yes | G81: Indicates that this LegalResource ensures the implementation of another LegalResource. This implies a legal meaning (contrary to eli:applies). This can cover links from national legislation to EU legislation, or links from regional to national legislation. It can also cover links from EU implementing acts to EU legislative acts. In the case of implementation of EU legislation at national level, this covers links to EU regulations, decisions, etc. However the transpositions of EU Directives must be captured with eli:transposes. Links between national primary and secondary legislation must be captured by eli:based_on / eli:basis_for. | H81: 1.3
A82: implementation_ensured_by | B82: applied_by | C82: LegalResource | D82: LegalResource; LegalExpression | E82: no | F82: yes | G82: Indicates that the implementation of this LegalResource is ensured by another LegalResource. This implies a legal meaning (contrary to eli:applies). See the definition of eli:ensures_implementation_of. | H82: 1.3
A83: implements | B83: dcterms:relation | C83: LegalResource | D83: LegalResource | E83: no | F83: yes | G83: This property is deprecated. Use "applies" instead. | H83: 1.0 | I83: 1.1 | J83: v1.1 : this property was deprecated in favor of the more generic term "applies" to avoid confusion.
A84: implemented_by | B84: dcterms:relation | C84: LegalResource | D84: LegalResource | E84: no | F84: yes | G84: This property is deprecated. Use "applied_by" instead. | H84: 1.0 | I84: 1.1 | J84: v1.1 : this property was deprecated in favor of the more generic term "applied_by" to avoid confusion.
A85: applies | B85: dcterms:relation | C85: LegalResource;LegalExpression | D85: LegalResource | E85: no | F85: yes | G85: Indicates that this legislation (or part of a legislation) somehow conforms with another legislation. This is an informative link, and it has no legal value. For legally-binding links of transposition, use the property transposes. This can be used for example : - when a pre-existing law already conforms to a recent european directive (in that case it does not "transposes" it strictly speaking); - when non-EU member states make sure their legislation is conformant with EU law without strictly speaking transposing it; - when a legislation from a local authority conforms with a national legislation; Note that this should point to a LegalResource, not to a language-specific expression. | H85: 1.1
A86: applied_by | B86: dcterms:relation | C86: LegalResource | D86: LegalResource;LegalExpression | E86: no | F86: yes | G86: Inverse of "applies". Note that this property is expressed on a legal resource, not on one of its language-specific legal expression. | H86: 1.1
A87: commences | B87: eli:changes | C87: LegalResource or LegalExpression | D87: LegalResource or LegalExpression | E87: no | F87: yes | G87: Indicates that this legal resource sets another legal resource into force. Note the the date of entry into force of the other resource should be modified accordingly. Note also that it is not possible to indicate when the entry into force should happen. | H87: 1.1
A88: commenced_by | B88: eli:changed_by | C88: LegalResource or LegalExpression | D88: LegalResource or LegalExpression | E88: no | F88: yes | G88: Inverse of "commences". Indicates that this legal resource was set in force by another legal resource. Situations where a resource enters into force because of more than one resource are explicitely allowed. | H88: 1.1
A89: repeals | B89: eli:changes | C89: LegalResource or LegalExpression | D89: LegalResource or LegalExpression | E89: no | F89: yes | G89: Indicates that this legal resource or legal expression completely cancels, abrogates or replaces another. If a resource partially repeals another, this link can be used at the corresponding subdivision level being completely repealed. | H89: 1.1
A90: repealed_by | B90: eli:changed_by | C90: LegalResource or LegalExpression | D90: LegalResource or LegalExpression | E90: no | F90: yes | G90: Inverse of "repeals". Indicates that this legal resource or legal expression is being completely canceled, abrogated or replaced by another legal resource. If a resource is partially repealed by another, this link can be used at the corresponding subdivision level being completely repealed. | H90: 1.1
A91: corrects | B91: dcterms:relation | C91: Work or Expression | D91: Work or Expression or Manifestation | E91: no | F91: yes | G91: Indicates that this work introduces textual modifications (like correction of spelling mistakes) with no legal change in another resource, expression or manifestation; typically corrigenda in EU legislation. For modifications that have a legal impact, use eli:amends. | H91: 1.1 | I91: 1.4 | J91: v1.4 : broaden to Work or Expression
A92: corrected_by | B92: dcterms:relation | C92: Work or Expression or Manifestation | D92: Work or Expression | E92: no | F92: yes | G92: Inverse of "corrects". Indicates a resource that introduces textual modifications (like correction of spelling mistakes) with no legal change in this work, expression or manifestation; typically corrigenda in EU legislation. For modifications that have a legal impact, use eli:amended_by. | H92: 1.1 | I92: 1.4 | J92: v1.4 : broaden to Work or Expression
A93: amends | B93: eli:changes | C93: Work or Expression | D93: Work or Expression | E93: no | F93: yes | G93: Indicates that this work introduces legal changes in another resource. For modifications that don’t have a legal impact, use eli:corrects. | H93: 1.1 | I93: 1.4 | J93: v1.4 : broaden to Work or Expression
A94: amended_by | B94: eli:changed_by | C94: Work or Expression | D94: Work or Expression | E94: no | F94: yes | G94: Inverse of "amends". Indicates a work that introduced legal changes in this resource. For modifications that don’t have a legal impact, use eli:corrected_by. | H94: 1.1 | I94: 1.4 | J94: v1.4 : broaden to Work or Expression
A95: is_another_publication_of | B95: dcterms:relation | C95: LegalResource | D95: LegalResource | E95: no | F95: yes | G95: Indicates that this resource is a new publication, in a different official journal, of another resource already published elsewhere, and cannot be considered to be the same resource (owl:sameAs cannot be used to avoid potential duplication of certain metadata, like the date of publication, or the publisher). Note that this is different from the exceptionnal cases of "republication", where the same resource is actually republished in the same official journal a few days after its initial publication, in case of errors. | H95: 1.1
A96: has_another_publication | B96: dcterms:relation | C96: LegalResource | D96: LegalResource | E96: no | F96: yes | G96: Inverse of "is_another_publication_of". | H96: 1.1
A97: cited_by_case_law | B97: is_referred_to_by | C97: LegalResource or LegalExpression | D97: owl:Thing | E97: no | F97: yes | G97: Indicates that this LegalResource or LegalExpression is being cited in a case law, identified by a suitable URI. If the case law cannot be identified by a suitable URI, the property "eli:cited_by_case_law_reference" can be used with a textual reference to the case law. The actual citation link is expressed from the case law to the legislation, but legal portals may use the link from a legislation to a case law to e.g. refer to representative case laws about a legislation. | H97: 1.2 | I97: 1.5 | J97: v1.5 : was made a subproperty of eli:is_referred_to_by
A98: cited_by_case_law_reference | B98: dcterms:relation | C98: LegalResource or LegalExpression | D98: rdfs:Literal | E98: no | F98: yes | G98: Indicates that this LegalResource or LegalExpression is being cited in a case law that cannot be identified by a suitable URI and that is indicated by textual reference. An ECLI (European Case Law Identifier) can be used here. When the case law can be identified by a suitable URI, the property eli:cited_by_case_law should be used instead. | H98: 1.2
A99: Properties : LegalExpression and Format
A100: language | B100: dcterms:language | C100: Expression | D100: eli:Language, corresponding to the list of languages published by EU Publications Office. | E100: yes | F100: yes | G100: The language of an expression. EU Publications Office provides a list of languages at https://op.europa.eu/en/web/eu-vocabularies/at-dataset/-/resource/dataset/language. This list is large enough so that member states should not have to declare local values. Note that, if needed, a language can also be stated on a legal resource using the DublinCore "language" property. | H100: 1.0 | I100: 1.3 | J100: v1.3 : broaden the domain to Expression instead of LegalExpression and updated link to EU vocabularies website
A101: title | B101: dcterms:title | C101: Expression | D101: rdfs:Literal | E101: yes | F101: yes | G101: The title, or name, of an expression. Note that, if needed, a title can also be stated on a legal resource using the Dublin Core "title" property. | H101: 1.0 | I101: 1.3 | J101: v1.3 : broaden the domain to Expression instead of LegalExpression v1.2 : changed range from xsd:string to rdfs:Literal
A102: title_short | B102: dcterms:alternative | C102: Expression | D102: rdfs:Literal | E102: no | F102: yes | G102: Established short title of the expression (if any) | H102: 1.0 | I102: 1.3 | J102: v1.3 : broaden the domain to Expression instead of LegalExpression v1.2 : changed range from xsd:string to rdfs:Literal
A103: title_alternative | B103: dcterms:alternative | C103: Expression | D103: rdfs:Literal | E103: no | F103: yes | G103: An alternative title of the expression (if any). Note that, if needed, an alternative title can also be stated on a work using the Dublin Core "alternative" property. | H103: 1.0 | I103: 1.3 | J103: v1.3 : broaden the domain to Expression instead of LegalExpression v1.2 : changed range from xsd:string to rdfs:Literal
A104: has_translation | C104: LegalExpression | D104: LegalExpression | E104: no | F104: yes | G104: Inverse of "is_translation_of". Indicates that this expression has been translated into another derived expression. See the definition of "is_translation_of". | H104: 1.2
A105: is_translation_of | C105: LegalExpression | D105: LegalExpression | E105: no | F105: yes | G105: Indicates that this expression has been translated from another original expression; this can be used to distinguish original from derived expressions. Note that asserting this link does not have any implication on the legal value of the original and translated expressions : depending on the context, a translation can be as legally binding as the original version, or can be published for informative purposes only (e.g. a country translating some legal acts in English). The expressions linked with this property can be realisations of the same LegalResource, or different LegalResources. Multilingual legislations that do not need to distinguish between original and derived expressions of the same LegalResource (e.g. european legislation) will not use this property. | H105: 1.2
A106: published_in | C106: Format | D106: rdfs:Literal | E106: no | F106: yes | G106: Reference to the Official Journal or other publication manifestation in which this format is published. This property should be used when the value cannot be identified by a suitable URI; if a URI is available, the property "published_in_format" should be used. | H106: 1.0 | I106: 1.2 | J106: v1.2 : changed range from xsd:string to rdfs:Literal v1.1 : modified the range to xsd:string, and introduced the corresponding object property published_in_format.
A107: published_in_format | C107: Format | D107: Format | E107: no | F107: yes | G107: Reference to the Official Journal or other publication manifestation in which this format is published. This property should be used when the value can be identified by a suitable URI; in the absence of such a URI, the property "published_in" should be used with a string value. | H107: 1.1
...

Sheet ELI Diagrams
A1: Source: https://op.europa.eu/en/web/eu-vocabularies/dataset/-/resource?uri=http://publications.europa.eu/resource/dataset/eli
A2: Documentation

Sheet ELI Property Ranges (SHACL)
A1: Source; Validation Rules
A3: Graph URI | B3: http://data.europa.eu/eli/shapes
A11: The URI of the constraint | B11: The predicate on which the constraint applies, when there is only one. | C11: The Shape to which the constraint is attached. | D11: The severity of the constraint | E11: The name of the constraint | F11: The textual description of the constraint | G11: The type of node that the values should have (sh:IRI or sh:Literal) | J11: The expected class of the values of this property (when there is only one) (striketrough cells are ignored) | K11: For literal values, the expected datatypes of the values | L11: The fixed list of expected values for the property, when the number of possible values is small and known in advance. | M11: The beginning of the URI pattern that the property values should have.
A12: URI | B12: path - informative - not converted | C12: shape - informative - not converted | D12: sh:severity | E12: sh:name@en | F12: sh:description^^xsd:string | G12: sh:nodeKind | H12: sh:minCount^^xsd:integer | I12: sh:maxCount^^xsd:integer | J12: sh:class(separator="," wrapper="sh:or") | K12: sh:datatype | L12: sh:in | M12: sh:pattern^^xsd:string
A15: eli:Work
A16: elish:Work_is_part_of | B16: eli:is_part_of | C16: eli:Work | J16: eli:Work
A17: elish:Work_has_part | B17: eli:has_part | C17: eli:Work | J17: eli:Work
A18: elish:Work_is_member_of | B18: eli:is_member_of | C18: eli:Work | J18: eli:Work
A19: elish:Work_has_member | B19: eli:has_member | C19: eli:Work | J19: eli:Work
A20: elish:Work_is_realized_by | B20: eli:is_realized_by | C20: eli:Work | J20: eli:Expression
A21: elish:Work_work_type | B21: eli:work_type | C21: eli:Work
A24: elish:LegalResource_based_on | B24: eli:based_on | C24: eli:Work | J24: eli:Work, eli:Expression
A25: eli:Expression
A26: elish:Expression_realizes | B26: eli:realizes | C26: eli:Expression | J26: eli:Work
A27: elish:Expression_is_embodied_by | B27: eli:is_embodied_by | C27: eli:Expression | J27: eli:Format
A31: eli:Work or eli:Expression
A34: =IFERROR(__xludf.DUMMYFUNCTION("CONCATENATE(""elish:"",REGEXREPLACE(C32,""eli:|[, ]"",""""),""_"",REGEXREPLACE(B32,""eli:"",""""))"),"elish:WorkExpression_is_derivative_of") -> elish:WorkExpression_is_derivative_of | B34: eli:is_derivative_of | C34: eli:Work, eli:Expression | J34: eli:Work, eli:Expression
A35: =IFERROR(__xludf.DUMMYFUNCTION("CONCATENATE(""elish:"",REGEXREPLACE(C33,""eli:|[, ]"",""""),""_"",REGEXREPLACE(B33,""eli:"",""""))"),"elish:WorkExpression_has_derivative") -> elish:WorkExpression_has_derivative | B35: eli:has_derivative | C35: eli:Work, eli:Expression | J35: eli:Work, eli:Expression
A36: =IFERROR(__xludf.DUMMYFUNCTION("CONCATENATE(""elish:"",REGEXREPLACE(C34,""eli:|[, ]"",""""),""_"",REGEXREPLACE(B34,""eli:"",""""))"),"elish:WorkExpression_has_annex") -> elish:WorkExpression_has_annex | B36: eli:has_annex | C36: eli:Work, eli:Expression | J36: eli:Work, eli:Expression
A37: =IFERROR(__xludf.DUMMYFUNCTION("CONCATENATE(""elish:"",REGEXREPLACE(C35,""eli:|[, ]"",""""),""_"",REGEXREPLACE(B35,""eli:"",""""))"),"elish:WorkExpression_is_annex_of") -> elish:WorkExpression_is_annex_of | B37: eli:is_annex_of | C37: eli:Work, eli:Expression | J37: eli:Work, eli:Expression
A38: =IFERROR(__xludf.DUMMYFUNCTION("CONCATENATE(""elish:"",REGEXREPLACE(C36,""eli:|[, ]"",""""),""_"",REGEXREPLACE(B36,""eli:"",""""))"),"elish:WorkExpression_changes") -> elish:WorkExpression_changes | B38: eli:changes | C38: eli:Work, eli:Expression | J38: eli:Work, eli:Expression
A39: =IFERROR(__xludf.DUMMYFUNCTION("CONCATENATE(""elish:"",REGEXREPLACE(C37,""eli:|[, ]"",""""),""_"",REGEXREPLACE(B37,""eli:"",""""))"),"elish:WorkExpression_changed_by") -> elish:WorkExpression_changed_by | B39: eli:changed_by | C39: eli:Work, eli:Expression | J39: eli:Work, eli:Expression
A40: =IFERROR(__xludf.DUMMYFUNCTION("CONCATENATE(""elish:"",REGEXREPLACE(C38,""eli:|[, ]"",""""),""_"",REGEXREPLACE(B38,""eli:"",""""))"),"elish:WorkExpression_basis_for") -> elish:WorkExpression_basis_for | B40: eli:basis_for | C40: eli:Work, eli:Expression | J40: eli:Work
A41: =IFERROR(__xludf.DUMMYFUNCTION("CONCATENATE(""elish:"",REGEXREPLACE(C39,""eli:|[, ]"",""""),""_"",REGEXREPLACE(B39,""eli:"",""""))"),"elish:WorkExpression_corrects") -> elish:WorkExpression_corrects | B41: eli:corrects | C41: eli:Work, eli:Expression | J41: eli:Work, eli:Expression
A42: =IFERROR(__xludf.DUMMYFUNCTION("CONCATENATE(""elish:"",REGEXREPLACE(C40,""eli:|[, ]"",""""),""_"",REGEXREPLACE(B40,""eli:"",""""))"),"elish:WorkExpression_corrected_by") -> elish:WorkExpression_corrected_by | B42: eli:corrected_by | C42: eli:Work, eli:Expression | J42: eli:Work, eli:Expression
A43: =IFERROR(__xludf.DUMMYFUNCTION("CONCATENATE(""elish:"",REGEXREPLACE(C41,""eli:|[, ]"",""""),""_"",REGEXREPLACE(B41,""eli:"",""""))"),"elish:WorkExpression_amends") -> elish:WorkExpression_amends | B43: eli:amends | C43: eli:Work, eli:Expression | J43: eli:Work, eli:Expression
A44: =IFERROR(__xludf.DUMMYFUNCTION("CONCATENATE(""elish:"",REGEXREPLACE(C42,""eli:|[, ]"",""""),""_"",REGEXREPLACE(B42,""eli:"",""""))"),"elish:WorkExpression_amended_by") -> elish:WorkExpression_amended_by | B44: eli:amended_by | C44: eli:Work, eli:Expression | J44: eli:Work, eli:Expression
A45: eli:Manifestation
A46: elish:Manifestation_embodies | B46: eli:embodies | C46: eli:Manifestation | J46: eli:Expression
A50: eli:LegalResource or eli:LegalExpression or eli:Format
A53: eli:LegalResource or eli:LegalExpression
A67: elish:LegalResourceLegalExpression_consolidates | B67: eli:consolidates | C67: eli:LegalResource, eli:LegalExpression | J67: eli:LegalResource, eli:LegalExpression
A68: elish:LegalResourceLegalExpression_consolidated_by | B68: eli:consolidated_by | C68: eli:LegalResource, eli:LegalExpression | J68: eli:LegalResource, eli:LegalExpression
A72: elish:LegalResourceLegalExpression_commences | B72: eli:commences | C72: eli:LegalResource, eli:LegalExpression | J72: eli:LegalResource, eli:LegalExpression
A73: elish:LegalResourceLegalExpression_commenced_by | B73: eli:commenced_by | C73: eli:LegalResource, eli:LegalExpression | J73: eli:LegalResource, eli:LegalExpression
A74: elish:LegalResourceLegalExpression_repeals | B74: eli:repeals | C74: eli:LegalResource, eli:LegalExpression | J74: eli:LegalResource, eli:LegalExpression
A75: elish:LegalResourceLegalExpression_repealed_by | B75: eli:repealed_by | C75: eli:LegalResource, eli:LegalExpression | J75: eli:LegalResource, eli:LegalExpression
A80: elish:LegalResourceLegalExpression_cited_by_case_law | B80: eli:cited_by_case_law | C80: eli:LegalResource, eli:LegalExpression
A81: elish:LegalResourceLegalExpression_cited_by_case_law_reference | B81: eli:cited_by_case_law_reference | C81: eli:LegalResource, eli:LegalExpression
A82: eli:LegalResource
A83: elish:LegalResource_is_part_of | B83: eli:is_part_of | C83: eli:LegalResource | J83: eli:Work
A84: elish:LegalResource_has_part | B84: eli:has_part | C84: eli:LegalResource | J84: eli:Work
A85: elish:LegalResource_is_member_of | B85: eli:is_member_of | C85: eli:LegalResource | J85: eli:Work
A86: elish:LegalResource_has_member | B86: eli:has_member | C86: eli:LegalResource | J86: eli:Work
A87: elish:LegalResource_is_realized_by | B87: eli:is_realized_by | C87: eli:LegalResource | J87: eli:LegalExpression
A99: elish:AbstractLegalResource
A100: elish:AbstractLegalResource_has_member_or_is_member_of | B100: eli:has_member|^eli:is_member_of | C100: elish:AbstractLegalResource
A101: elish:IndividualLegalResource
A102: elish:IndividualLegalResource_is_realized_by_or_inverse_realizes | B102: eli:is_realized_by|^eli:realizes | C102: elish:IndividualLegalResource
A103: elish:IndividualLegalResource_zeroorone_is_member_of_or_has_member_then_type_document | B103: ((eli:is_member_of|^eli:has_member)?)/eli:type_document | C103: elish:IndividualLegalResource
A104: eli:WorkSubdivision
A105: elish:WorkSubdivision_type_subdivision | B105: eli:type_subdivision | C105: eli:WorkSubdivision
A107: eli:LegalExpression
A108: elish:LegalExpression_realizes | B108: eli:realizes | C108: eli:LegalExpression | J108: eli:LegalResource
A109: elish:LegalExpression_is_embodied_by | B109: eli:is_embodied_by | C109: eli:LegalExpression | J109: eli:Format
A112: elish:LegalExpression_has_translation | B112: eli:has_translation | C112: eli:LegalExpression | J112: eli:LegalExpression
A113: elish:LegalExpression_is_translation_of | B113: eli:is_translation_of | C113: eli:LegalExpression | J113: eli:LegalExpression
A118: eli:Format
A119: elish:Format_embodies | B119: eli:embodies | C119: eli:Format | J119: eli:LegalExpression
A132: eli:LegalExpression or eli:Format

Sheet ELI-DL Property Core (SHACL)
A1: Source; Validation Rules
A3: Graph URI | B3: http://data.europa.eu/eli/shapes
A11: The URI of the constraint | B11: The predicate on which the constraint applies, when there is only one. | C11: The Shape to which the constraint is attached. | D11: The severity of the constraint | E11: The name of the constraint | F11: The textual description of the constraint | G11: The type of node that the values should have (sh:IRI or sh:Literal) | J11: The expected class of the values of this property (when there is only one) (striketrough cells are ignored) | K11: For literal values, the expected datatypes of the values | L11: The fixed list of expected values for the property, when the number of possible values is small and known in advance. | M11: The beginning of the URI pattern that the property values should have.
A12: URI | B12: sh:path | C12: ^sh:property(separator=",") | D12: sh:severity | E12: sh:name@en | F12: sh:description^^xsd:string | G12: sh:nodeKind | H12: sh:minCount^^xsd:integer | I12: sh:maxCount^^xsd:integer | J12: sh:class(separator="," wrapper="sh:or") | K12: sh:datatype | L12: sh:in | M12: sh:pattern^^xsd:string
A15: eli:Work
A16: =IFERROR(__xludf.DUMMYFUNCTION("CONCATENATE(""elish:"",REGEXREPLACE(C14,""eli:|[, ]"",""""),""_"",REGEXREPLACE(B14,""eli:"",""""))"),"elish:Work_is_part_of") -> elish:Work_is_part_of | B16: eli:is_part_of | C16: eli:Work | D16: sh:Violation | E16: is part of | F16: eli:is_part_of MUST have an IRI value | G16: sh:IRI | J16: eli:Work
A17: =IFERROR(__xludf.DUMMYFUNCTION("CONCATENATE(""elish:"",REGEXREPLACE(C15,""eli:|[, ]"",""""),""_"",REGEXREPLACE(B15,""eli:"",""""))"),"elish:Work_has_part") -> elish:Work_has_part | B17: eli:has_part | C17: eli:Work | D17: sh:Violation | E17: has part | F17: eli:has_part MUST have an IRI value | G17: sh:IRI | J17: eli:Work
A18: =IFERROR(__xludf.DUMMYFUNCTION("CONCATENATE(""elish:"",REGEXREPLACE(C16,""eli:|[, ]"",""""),""_"",REGEXREPLACE(B16,""eli:"",""""))"),"elish:Work_is_member_of") -> elish:Work_is_member_of | B18: eli:is_member_of | C18: eli:Work | D18: sh:Violation | E18: is member of | F18: eli:is_member_of MUST have an IRI value | G18: sh:IRI | J18: eli:Work
A19: =IFERROR(__xludf.DUMMYFUNCTION("CONCATENATE(""elish:"",REGEXREPLACE(C17,""eli:|[, ]"",""""),""_"",REGEXREPLACE(B17,""eli:"",""""))"),"elish:Work_has_member") -> elish:Work_has_member | B19: eli:has_member | C19: eli:Work | D19: sh:Violation | E19: has member | F19: eli:has_member MUST have an IRI value | G19: sh:IRI | J19: eli:Work
A20: =IFERROR(__xludf.DUMMYFUNCTION("CONCATENATE(""elish:"",REGEXREPLACE(C18,""eli:|[, ]"",""""),""_"",REGEXREPLACE(B18,""eli:"",""""))"),"elish:Work_is_realized_by") -> elish:Work_is_realized_by | B20: eli:is_realized_by | C20: eli:Work | D20: sh:Violation | E20: is realized by | F20: eli:is_realized_by MUST have an IRI value | G20: sh:IRI | J20: eli:Expression
A21: =IFERROR(__xludf.DUMMYFUNCTION("CONCATENATE(""elish:"",REGEXREPLACE(C19,""eli:|[, ]"",""""),""_"",REGEXREPLACE(B19,""eli:"",""""))"),"elish:Work_work_type") -> elish:Work_work_type | B21: eli:work_type | C21: eli:Work | D21: sh:Violation | E21: work_type | F21: eli:work_type MUST have an IRI value | G21: sh:IRI
A22: =IFERROR(__xludf.DUMMYFUNCTION("CONCATENATE(""elish:"",REGEXREPLACE(C20,""eli:|[, ]"",""""),""_"",REGEXREPLACE(B20,""eli:"",""""))"),"elish:Work_is_about") -> elish:Work_is_about | B22: eli:is_about | C22: eli:Work | D22: sh:Violation | E22: is about | F22: eli:is_about MUST be an IRI | G22: sh:IRI
A23: =IFERROR(__xludf.DUMMYFUNCTION("CONCATENATE(""elish:"",REGEXREPLACE(C21,""eli:|[, ]"",""""),""_"",REGEXREPLACE(B21,""eli:"",""""))"),"elish:Work_date_document") -> elish:Work_date_document | B23: eli:date_document | C23: eli:Work | D23: sh:Violation | E23: date document | F23: A Work MUST not have more than one date_document. eli:date_document MUST have a literal value with datatype xsd:date | G23: sh:Literal | I23: 1 | K23: xsd:date
A24: =IFERROR(__xludf.DUMMYFUNCTION("CONCATENATE(""elish:"",REGEXREPLACE(C22,""eli:|[, ]"",""""),""_"",REGEXREPLACE(B22,""eli:"",""""))"),"elish:Work_based_on") -> elish:Work_based_on | B24: eli:based_on | C24: eli:Work | D24: sh:Violation | E24: based on | F24: eli:based_on MUST have an IRI value | G24: sh:IRI | J24: eli:Work, eli:Expression
A25: eli:Expression
A26: =IFERROR(__xludf.DUMMYFUNCTION("CONCATENATE(""elish:"",REGEXREPLACE(C24,""eli:|[, ]"",""""),""_"",REGEXREPLACE(B24,""eli:"",""""))"),"elish:Expression_realizes") -> elish:Expression_realizes | B26: eli:realizes | C26: eli:Expression | D26: sh:Violation | E26: realizes | F26: eli:realizes MUST be an IRI | G26: sh:IRI | J26: eli:Work
A27: =IFERROR(__xludf.DUMMYFUNCTION("CONCATENATE(""elish:"",REGEXREPLACE(C25,""eli:|[, ]"",""""),""_"",REGEXREPLACE(B25,""eli:"",""""))"),"elish:Expression_is_embodied_by") -> elish:Expression_is_embodied_by | B27: eli:is_embodied_by | C27: eli:Expression | D27: sh:Violation | E27: is embodied by | F27: eli:is_embodied_by MUST be an IRI | G27: sh:IRI | J27: eli:Format
A28: =IFERROR(__xludf.DUMMYFUNCTION("CONCATENATE(""elish:"",REGEXREPLACE(C26,""eli:|[, ]"",""""),""_"",REGEXREPLACE(B26,""eli:"",""""))"),"elish:Expression_title") -> elish:Expression_title | B28: eli:title | C28: eli:Expression | D28: sh:Violation | E28: title | F28: eli:title MUST have a literal value | G28: sh:Literal
A29: =IFERROR(__xludf.DUMMYFUNCTION("CONCATENATE(""elish:"",REGEXREPLACE(C27,""eli:|[, ]"",""""),""_"",REGEXREPLACE(B27,""eli:"",""""))"),"elish:Expression_title_short") -> elish:Expression_title_short | B29: eli:title_short | C29: eli:Expression | D29: sh:Violation | E29: title short | F29: eli:title_short MUST have a literal value | G29: sh:Literal
A30: =IFERROR(__xludf.DUMMYFUNCTION("CONCATENATE(""elish:"",REGEXREPLACE(C28,""eli:|[, ]"",""""),""_"",REGEXREPLACE(B28,""eli:"",""""))"),"elish:Expression_title_alternative") -> elish:Expression_title_alternative | B30: eli:title_alternative | C30: eli:Expression | D30: sh:Violation | E30: title alternative | F30: eli:title_alternative MUST have a literal value | G30: sh:Literal
A31: eli:Work or eli:Expression
A32: =IFERROR(__xludf.DUMMYFUNCTION("CONCATENATE(""elish:"",REGEXREPLACE(C30,""eli:|[, ]"",""""),""_"",REGEXREPLACE(B30,""eli:"",""""))"),"elish:WorkExpression_number") -> elish:WorkExpression_number | B32: eli:number | C32: eli:Work, eli:Expression | D32: sh:Violation | E32: number | F32: eli:number MUST have a literal value with datatype xsd:string | G32: sh:Literal | K32: xsd:string
A33: =IFERROR(__xludf.DUMMYFUNCTION("CONCATENATE(""elish:"",REGEXREPLACE(C31,""eli:|[, ]"",""""),""_"",REGEXREPLACE(B31,""eli:"",""""))"),"elish:WorkExpression_refers_to") -> elish:WorkExpression_refers_to | B33: eli:refers_to | C33: eli:Work, eli:Expression | D33: sh:Violation | E33: refers_to | F33: eli:refers_to MUST have an IRI value | G33: sh:IRI
A34: elish:WorkExpression_inverse_is_referred_to_by | B34: ^eli:is_referred_to_by | C34: eli:Work, eli:Expression | D34: sh:Violation | E34: is_referred_to_by (inverse) | G34: sh:IRI
A35: =IFERROR(__xludf.DUMMYFUNCTION("CONCATENATE(""elish:"",REGEXREPLACE(C33,""eli:|[, ]"",""""),""_"",REGEXREPLACE(B33,""eli:"",""""))"),"elish:WorkExpression_is_derivative_of") -> elish:WorkExpression_is_derivative_of | B35: eli:is_derivative_of | C35: eli:Work, eli:Expression | D35: sh:Violation | E35: is_derivative_of | F35: eli:is_derivative_of MUST have an IRI value | G35: sh:IRI | J35: eli:Work, eli:Expression
A36: =IFERROR(__xludf.DUMMYFUNCTION("CONCATENATE(""elish:"",REGEXREPLACE(C34,""eli:|[, ]"",""""),""_"",REGEXREPLACE(B34,""eli:"",""""))"),"elish:WorkExpression_has_derivative") -> elish:WorkExpression_has_derivative | B36: eli:has_derivative | C36: eli:Work, eli:Expression | D36: sh:Violation | E36: has_derivative | F36: eli:has_derivative MUST have an IRI value | G36: sh:IRI | J36: eli:Work, eli:Expression
A37: =IFERROR(__xludf.DUMMYFUNCTION("CONCATENATE(""elish:"",REGEXREPLACE(C35,""eli:|[, ]"",""""),""_"",REGEXREPLACE(B35,""eli:"",""""))"),"elish:WorkExpression_has_annex") -> elish:WorkExpression_has_annex | B37: eli:has_annex | C37: eli:Work, eli:Expression | D37: sh:Violation | E37: has_annex | F37: eli:has_annex MUST have an IRI value | G37: sh:IRI | J37: eli:Work, eli:Expression
A38: =IFERROR(__xludf.DUMMYFUNCTION("CONCATENATE(""elish:"",REGEXREPLACE(C36,""eli:|[, ]"",""""),""_"",REGEXREPLACE(B36,""eli:"",""""))"),"elish:WorkExpression_is_annex_of") -> elish:WorkExpression_is_annex_of | B38: eli:is_annex_of | C38: eli:Work, eli:Expression | D38: sh:Violation | E38: is_annex_of | F38: eli:is_annex_of MUST have an IRI value | G38: sh:IRI | J38: eli:Work, eli:Expression
A39: =IFERROR(__xludf.DUMMYFUNCTION("CONCATENATE(""elish:"",REGEXREPLACE(C37,""eli:|[, ]"",""""),""_"",REGEXREPLACE(B37,""eli:"",""""))"),"elish:WorkExpression_changes") -> elish:WorkExpression_changes | B39: eli:changes | C39: eli:Work, eli:Expression | D39: sh:Violation | E39: changes | F39: eli:changes MUST have an IRI value | G39: sh:IRI | J39: eli:Work, eli:Expression
A40: =IFERROR(__xludf.DUMMYFUNCTION("CONCATENATE(""elish:"",REGEXREPLACE(C38,""eli:|[, ]"",""""),""_"",REGEXREPLACE(B38,""eli:"",""""))"),"elish:WorkExpression_changed_by") -> elish:WorkExpression_changed_by | B40: eli:changed_by | C40: eli:Work, eli:Expression | D40: sh:Violation | E40: changed by | F40: eli:changed_by MUST have an IRI value | G40: sh:IRI | J40: eli:Work, eli:Expression
A41: =IFERROR(__xludf.DUMMYFUNCTION("CONCATENATE(""elish:"",REGEXREPLACE(C39,""eli:|[, ]"",""""),""_"",REGEXREPLACE(B39,""eli:"",""""))"),"elish:WorkExpression_basis_for") -> elish:WorkExpression_basis_for | B41: eli:basis_for | C41: eli:Work, eli:Expression | D41: sh:Violation | E41: basis for | F41: eli:basis_for MUST have an IRI value | G41: sh:IRI | J41: eli:Work, eli:Expression
A42: =IFERROR(__xludf.DUMMYFUNCTION("CONCATENATE(""elish:"",REGEXREPLACE(C40,""eli:|[, ]"",""""),""_"",REGEXREPLACE(B40,""eli:"",""""))"),"elish:WorkExpression_corrects") -> elish:WorkExpression_corrects | B42: eli:corrects | C42: eli:Work, eli:Expression | D42: sh:Violation | E42: corrects | F42: eli:corrects MUST have an IRI value | G42: sh:IRI | J42: eli:Work, eli:Expression
A43: =IFERROR(__xludf.DUMMYFUNCTION("CONCATENATE(""elish:"",REGEXREPLACE(C41,""eli:|[, ]"",""""),""_"",REGEXREPLACE(B41,""eli:"",""""))"),"elish:WorkExpression_corrected_by") -> elish:WorkExpression_corrected_by | B43: eli:corrected_by | C43: eli:Work, eli:Expression | D43: sh:Violation | E43: corrected by | F43: eli:corrected_by MUST have an IRI value | G43: sh:IRI | J43: eli:Work, eli:Expression
A44: =IFERROR(__xludf.DUMMYFUNCTION("CONCATENATE(""elish:"",REGEXREPLACE(C42,""eli:|[, ]"",""""),""_"",REGEXREPLACE(B42,""eli:"",""""))"),"elish:WorkExpression_amends") -> elish:WorkExpression_amends | B44: eli:amends | C44: eli:Work, eli:Expression | D44: sh:Violation | E44: amends | F44: eli:amends MUST have an IRI value | G44: sh:IRI | J44: eli:Work, eli:Expression
A45: =IFERROR(__xludf.DUMMYFUNCTION("CONCATENATE(""elish:"",REGEXREPLACE(C43,""eli:|[, ]"",""""),""_"",REGEXREPLACE(B43,""eli:"",""""))"),"elish:WorkExpression_amended_by") -> elish:WorkExpression_amended_by | B45: eli:amended_by | C45: eli:Work, eli:Expression | D45: sh:Violation | E45: amended by | F45: eli:amended_by MUST have an IRI value | G45: sh:IRI | J45: eli:Work, eli:Expression
A46: eli:Manifestation
A47: =IFERROR(__xludf.DUMMYFUNCTION("CONCATENATE(""elish:"",REGEXREPLACE(C45,""eli:|[, ]"",""""),""_"",REGEXREPLACE(B45,""eli:"",""""))"),"elish:Manifestation_embodies") -> elish:Manifestation_embodies | B47: eli:embodies | C47: eli:Manifestation | D47: sh:Violation | E47: embodies | F47: eli:embodies MUST have an IRI value | G47: sh:IRI | J47: eli:Expression
A48: =IFERROR(__xludf.DUMMYFUNCTION("CONCATENATE(""elish:"",REGEXREPLACE(C46,""eli:|[, ]"",""""),""_"",REGEXREPLACE(B46,""eli:"",""""))"),"elish:Manifestation_is_exemplified_by") -> elish:Manifestation_is_exemplified_by | B48: eli:is_exemplified_by | C48: eli:Manifestation | D48: sh:Violation | E48: is exemplified by | F48: eli:is_exemplified_by MUST have an IRI value | G48: sh:IRI
A49: =IFERROR(__xludf.DUMMYFUNCTION("CONCATENATE(""elish:"",REGEXREPLACE(C47,""eli:|[, ]"",""""),""_"",REGEXREPLACE(B47,""eli:"",""""))"),"elish:Manifestation_format") -> elish:Manifestation_format | B49: eli:format | C49: eli:Manifestation | D49: sh:Violation | E49: format | F49: eli:format MUST have an IRI value | G49: sh:IRI
A50: =IFERROR(__xludf.DUMMYFUNCTION("CONCATENATE(""elish:"",REGEXREPLACE(C48,""eli:|[, ]"",""""),""_"",REGEXREPLACE(B48,""eli:"",""""))"),"elish:Manifestation_media_type") -> elish:Manifestation_media_type | B50: eli:media_type | C50: eli:Manifestation | D50: sh:Violation | E50: media type | F50: eli:media_type MUST have an IRI value starting with "^http://www.iana.org/assignments/media-types/(.*)" | G50: sh:IRI | M50: "^https://www.iana.org/assignments/media-types/(.*)"
A51: eli:LegalResource or eli:LegalExpression or eli:Format
A52: =IFERROR(__xludf.DUMMYFUNCTION("CONCATENATE(""elish:"",REGEXREPLACE(C50,""eli:|[, ]"",""""),""_"",REGEXREPLACE(B50,""eli:"",""""))"),"elish:LegalResourceLegalExpressionFormat_uri_schema") -> elish:LegalResourceLegalExpressionFormat_uri_schema | B52: eli:uri_schema | C52: eli:LegalResource, eli:LegalExpression, eli:Format | D52: sh:Violation | E52: URI schema | F52: A LegalResource, LegalExpression or Format MUST not have more than one uri_schema and MUST be an IRI | G52: sh:IRI | I52: 1
A53: =IFERROR(__xludf.DUMMYFUNCTION("CONCATENATE(""elish:"",REGEXREPLACE(C51,""eli:|[, ]"",""""),""_"",REGEXREPLACE(B51,""eli:"",""""))"),"elish:LegalResourceLegalExpressionFormat_id_local") -> elish:LegalResourceLegalExpressionFormat_id_local | B53: eli:id_local | C53: eli:LegalResource, eli:LegalExpression, eli:Format | D53: sh:Violation | E53: ID local | F53: eli:id_local MUST have a literal value | G53: sh:Literal
A54: eli:LegalResource or eli:LegalExpression
A55: =IFERROR(__xludf.DUMMYFUNCTION("CONCATENATE(""elish:"",REGEXREPLACE(C53,""eli:|[, ]"",""""),""_"",REGEXREPLACE(B53,""eli:"",""""))"),"elish:LegalResourceLegalExpression_relevant_for") -> elish:LegalResourceLegalExpression_relevant_for | B55: eli:relevant_for | C55: eli:LegalResource, eli:LegalExpression | D55: sh:Violation | E55: relevant for | F55: eli:relevant_for MUST have an IRI value | G55: sh:IRI
A56: =IFERROR(__xludf.DUMMYFUNCTION("CONCATENATE(""elish:"",REGEXREPLACE(C54,""eli:|[, ]"",""""),""_"",REGEXREPLACE(B54,""eli:"",""""))"),"elish:LegalResourceLegalExpression_jurisdiction") -> elish:LegalResourceLegalExpression_jurisdiction | B56: eli:jurisdiction | C56: eli:LegalResource, eli:LegalExpression | D56: sh:Violation | E56: jusrisdiction | F56: eli:jurisdiction CAN MUST have an IRI value | G56: sh:IRI
A57: =IFERROR(__xludf.DUMMYFUNCTION("CONCATENATE(""elish:"",REGEXREPLACE(C55,""eli:|[, ]"",""""),""_"",REGEXREPLACE(B55,""eli:"",""""))"),"elish:LegalResourceLegalExpression_description") -> elish:LegalResourceLegalExpression_description | B57: eli:description | C57: eli:LegalResource, eli:LegalExpression | D57: sh:Violation | E57: description | F57: eli:description MUST have a literal value | G57: sh:Literal
A58: =IFERROR(__xludf.DUMMYFUNCTION("CONCATENATE(""elish:"",REGEXREPLACE(C56,""eli:|[, ]"",""""),""_"",REGEXREPLACE(B56,""eli:"",""""))"),"elish:LegalResourceLegalExpression_version") -> elish:LegalResourceLegalExpression_version | B58: eli:version | C58: eli:LegalResource, eli:LegalExpression | D58: sh:Violation | E58: version | F58: eli:version MUST have an IRI value | G58: sh:IRI | J58: eli:Version
A59: =IFERROR(__xludf.DUMMYFUNCTION("CONCATENATE(""elish:"",REGEXREPLACE(C57,""eli:|[, ]"",""""),""_"",REGEXREPLACE(B57,""eli:"",""""))"),"elish:LegalResourceLegalExpression_version_date") -> elish:LegalResourceLegalExpression_version_date | B59: eli:version_date | C59: eli:LegalResource, eli:LegalExpression | D59: sh:Violation | E59: version date | F59: A LegalResource or LegalExpression MUST not have more than one version_date . eli:version_date MUST have a literal value with datatype xsd:date | G59: sh:Literal | I59: 1 | K59: xsd:date
A60: =IFERROR(__xludf.DUMMYFUNCTION("CONCATENATE(""elish:"",REGEXREPLACE(C58,""eli:|[, ]"",""""),""_"",REGEXREPLACE(B58,""eli:"",""""))"),"elish:LegalResourceLegalExpression_date_publication") -> elish:LegalResourceLegalExpression_date_publication | B60: eli:date_publication | C60: eli:LegalResource, eli:LegalExpression | D60: sh:Violation | E60: date of publication | F60: A LegalResource or LegalExpression MUST not have more than one date_publication. eli:date_publication MUST have a literal value with datatype xsd:date | G60: sh:Literal | I60: 1 | K60: xsd:date
A61: =IFERROR(__xludf.DUMMYFUNCTION("CONCATENATE(""elish:"",REGEXREPLACE(C59,""eli:|[, ]"",""""),""_"",REGEXREPLACE(B59,""eli:"",""""))"),"elish:LegalResourceLegalExpression_in_force") -> elish:LegalResourceLegalExpression_in_force | B61: eli:in_force | C61: eli:LegalResource, eli:LegalExpression | D61: sh:Violation | E61: in force | F61: A LegalResource or LegalExpression MUST not have more than one in_force. eli:in_force MUST have an IRI value in ( eli:InForce-inForce eli:InForce-partiallyInForce eli:InForce-notInForce ) | G61: sh:IRI | I61: 1 | L61: ( eli:InForce-inForce eli:InForce-partiallyInForce eli:InForce-notInForce )
A62: =IFERROR(__xludf.DUMMYFUNCTION("CONCATENATE(""elish:"",REGEXREPLACE(C60,""eli:|[, ]"",""""),""_"",REGEXREPLACE(B60,""eli:"",""""))"),"elish:LegalResourceLegalExpression_first_date_entry_in_force") -> elish:LegalResourceLegalExpression_first_date_entry_in_force | B62: eli:first_date_entry_in_force | C62: eli:LegalResource, eli:LegalExpression | D62: sh:Violation | E62: first date of entry into force | F62: A LegalResource or LegalExpression MUST not have more than one first_date_entry_into_force. eli:first_date_entry_in_force MUST have a literal value with datatype xsd:date | G62: sh:Literal | I62: 1 | K62: xsd:date
A63: =IFERROR(__xludf.DUMMYFUNCTION("CONCATENATE(""elish:"",REGEXREPLACE(C61,""eli:|[, ]"",""""),""_"",REGEXREPLACE(B61,""eli:"",""""))"),"elish:LegalResourceLegalExpression_date_no_longer_in_force") -> elish:LegalResourceLegalExpression_date_no_longer_in_force | B63: eli:date_no_longer_in_force | C63: eli:LegalResource, eli:LegalExpression | D63: sh:Violation | E63: date no longer in force | F63: A LegalResource or LegalExpression MUST not have more than one date_no_longer_in_force. eli:date_no_longer_in_force MUST have a literal value with datatype xsd:date | G63: sh:Literal | I63: 1 | K63: xsd:date
A64: =IFERROR(__xludf.DUMMYFUNCTION("CONCATENATE(""elish:"",REGEXREPLACE(C62,""eli:|[, ]"",""""),""_"",REGEXREPLACE(B62,""eli:"",""""))"),"elish:LegalResourceLegalExpression_date_applicability") -> elish:LegalResourceLegalExpression_date_applicability | B64: eli:date_applicability | C64: eli:LegalResource, eli:LegalExpression | D64: sh:Violation | E64: date of applicability | F64: eli:date_applicability MUST have a literal value with datatype xsd:date | G64: sh:Literal | K64: xsd:date
A65: =IFERROR(__xludf.DUMMYFUNCTION("CONCATENATE(""elish:"",REGEXREPLACE(C63,""eli:|[, ]"",""""),""_"",REGEXREPLACE(B63,""eli:"",""""))"),"elish:LegalResourceLegalExpression_related_to") -> elish:LegalResourceLegalExpression_related_to | B65: eli:related_to | C65: eli:LegalResource, eli:LegalExpression | D65: sh:Violation | E65: related to | F65: eli:related_to MUST have an IRI value | G65: sh:IRI
A66: =IFERROR(__xludf.DUMMYFUNCTION("CONCATENATE(""elish:"",REGEXREPLACE(C64,""eli:|[, ]"",""""),""_"",REGEXREPLACE(B64,""eli:"",""""))"),"elish:LegalResourceLegalExpression_cites") -> elish:LegalResourceLegalExpression_cites | B66: eli:cites | C66: eli:LegalResource, eli:LegalExpression | D66: sh:Violation | E66: cites | F66: eli:cites MUST have an IRI value | G66: sh:IRI
A67: elish:LegalResourceLegalExpression_inverse_cited_by | B67: ^eli:cited_by | C67: eli:LegalResource, eli:LegalExpression | D67: sh:Violation | E67: cited by (inverse) | G67: sh:IRI | J67: owl:Thing
A68: =IFERROR(__xludf.DUMMYFUNCTION("CONCATENATE(""elish:"",REGEXREPLACE(C66,""eli:|[, ]"",""""),""_"",REGEXREPLACE(B66,""eli:"",""""))"),"elish:LegalResourceLegalExpression_consolidates") -> elish:LegalResourceLegalExpression_consolidates | B68: eli:consolidates | C68: eli:LegalResource, eli:LegalExpression | D68: sh:Violation | E68: consolidates | F68: eli:consolidates MUST have an IRI value | G68: sh:IRI | J68: eli:LegalResource, eli:LegalExpression
A69: =IFERROR(__xludf.DUMMYFUNCTION("CONCATENATE(""elish:"",REGEXREPLACE(C67,""eli:|[, ]"",""""),""_"",REGEXREPLACE(B67,""eli:"",""""))"),"elish:LegalResourceLegalExpression_consolidated_by") -> elish:LegalResourceLegalExpression_consolidated_by | B69: eli:consolidated_by | C69: eli:LegalResource, eli:LegalExpression | D69: sh:Violation | E69: consolidated by | F69: eli:consolidated_by MUST have an IRI value | G69: sh:IRI | J69: eli:LegalResource, eli:LegalExpression
A70: =IFERROR(__xludf.DUMMYFUNCTION("CONCATENATE(""elish:"",REGEXREPLACE(C68,""eli:|[, ]"",""""),""_"",REGEXREPLACE(B68,""eli:"",""""))"),"elish:LegalResourceLegalExpression_transposes") -> elish:LegalResourceLegalExpression_transposes | B70: eli:transposes | C70: eli:LegalResource, eli:LegalExpression | D70: sh:Violation | E70: transposes | F70: eli:transposes MUST have an IRI value | G70: sh:IRI | J70: eli:LegalResource
A71: =IFERROR(__xludf.DUMMYFUNCTION("CONCATENATE(""elish:"",REGEXREPLACE(C69,""eli:|[, ]"",""""),""_"",REGEXREPLACE(B69,""eli:"",""""))"),"elish:LegalResourceLegalExpression_ensures_implementation_of") -> elish:LegalResourceLegalExpression_ensures_implementation_of | B71: eli:ensures_implementation_of | C71: eli:LegalResource, eli:LegalExpression | D71: sh:Violation | E71: ensures implementation of | F71: eli:ensures_implementation_of MUST have an IRI value in | G71: sh:IRI
A72: =IFERROR(__xludf.DUMMYFUNCTION("CONCATENATE(""elish:"",REGEXREPLACE(C70,""eli:|[, ]"",""""),""_"",REGEXREPLACE(B70,""eli:"",""""))"),"elish:LegalResourceLegalExpression_applies") -> elish:LegalResourceLegalExpression_applies | B72: eli:applies | C72: eli:LegalResource, eli:LegalExpression | D72: sh:Violation | E72: applies | F72: eli:applies MUST have an IRI value | G72: sh:IRI | J72: eli:LegalResource
A73: =IFERROR(__xludf.DUMMYFUNCTION("CONCATENATE(""elish:"",REGEXREPLACE(C71,""eli:|[, ]"",""""),""_"",REGEXREPLACE(B71,""eli:"",""""))"),"elish:LegalResourceLegalExpression_commences") -> elish:LegalResourceLegalExpression_commences | B73: eli:commences | C73: eli:LegalResource, eli:LegalExpression | D73: sh:Violation | E73: commences | F73: eli:commences MUST have an IRI value | G73: sh:IRI | J73: eli:LegalResource, eli:LegalExpression
A74: =IFERROR(__xludf.DUMMYFUNCTION("CONCATENATE(""elish:"",REGEXREPLACE(C72,""eli:|[, ]"",""""),""_"",REGEXREPLACE(B72,""eli:"",""""))"),"elish:LegalResourceLegalExpression_commenced_by") -> elish:LegalResourceLegalExpression_commenced_by | B74: eli:commenced_by | C74: eli:LegalResource, eli:LegalExpression | D74: sh:Violation | E74: commenced by | F74: eli:commenced_by MUST have an IRI value | G74: sh:IRI | J74: eli:LegalResource, eli:LegalExpression
A75: =IFERROR(__xludf.DUMMYFUNCTION("CONCATENATE(""elish:"",REGEXREPLACE(C73,""eli:|[, ]"",""""),""_"",REGEXREPLACE(B73,""eli:"",""""))"),"elish:LegalResourceLegalExpression_repeals") -> elish:LegalResourceLegalExpression_repeals | B75: eli:repeals | C75: eli:LegalResource, eli:LegalExpression | D75: sh:Violation | E75: repeals | F75: eli:repeals MUST have an IRI value | G75: sh:IRI | J75: eli:LegalResource, eli:LegalExpression
A76: =IFERROR(__xludf.DUMMYFUNCTION("CONCATENATE(""elish:"",REGEXREPLACE(C74,""eli:|[, ]"",""""),""_"",REGEXREPLACE(B74,""eli:"",""""))"),"elish:LegalResourceLegalExpression_repealed_by") -> elish:LegalResourceLegalExpression_repealed_by | B76: eli:repealed_by | C76: eli:LegalResource, eli:LegalExpression | D76: sh:Violation | E76: repealed by | F76: eli:repealed_by MUST have an IRI value | G76: sh:IRI | J76: eli:LegalResource, eli:LegalExpression
A77: =IFERROR(__xludf.DUMMYFUNCTION("CONCATENATE(""elish:"",REGEXREPLACE(C75,""eli:|[, ]"",""""),""_"",REGEXREPLACE(B75,""eli:"",""""))"),"elish:LegalResourceLegalExpression_cited_by_case_law") -> elish:LegalResourceLegalExpression_cited_by_case_law | B77: eli:cited_by_case_law | C77: eli:LegalResource, eli:LegalExpression | D77: sh:Violation | E77: cited by case law | F77: eli:cited_by_case_law MUST have an IRI value | G77: sh:IRI
A78: =IFERROR(__xludf.DUMMYFUNCTION("CONCATENATE(""elish:"",REGEXREPLACE(C76,""eli:|[, ]"",""""),""_"",REGEXREPLACE(B76,""eli:"",""""))"),"elish:LegalResourceLegalExpression_cited_by_case_law_reference") -> elish:LegalResourceLegalExpression_cited_by_case_law_reference | B78: eli:cited_by_case_law_reference | C78: eli:LegalResource, eli:LegalExpression | D78: sh:Violation | E78: cited by case law reference | F78: eli:cited_by_case_law_reference MUST have a literal value | G78: sh:Literal
A79: eli:LegalResource
A80: =IFERROR(__xludf.DUMMYFUNCTION("CONCATENATE(""elish:"",REGEXREPLACE(C78,""eli:|[, ]"",""""),""_"",REGEXREPLACE(B78,""eli:"",""""))"),"elish:LegalResource_is_part_of") -> elish:LegalResource_is_part_of | B80: eli:is_part_of | C80: eli:LegalResource | D80: sh:Violation | E80: is part of | F80: eli:is_part_of MUST be an ELI IRI | G80: sh:IRI | J80: eli:Work | M80: "^http[s]?://(.*)/eli/(.*)"
A81: =IFERROR(__xludf.DUMMYFUNCTION("CONCATENATE(""elish:"",REGEXREPLACE(C79,""eli:|[, ]"",""""),""_"",REGEXREPLACE(B79,""eli:"",""""))"),"elish:LegalResource_has_part") -> elish:LegalResource_has_part | B81: eli:has_part | C81: eli:LegalResource | D81: sh:Violation | E81: has part | F81: eli:has_part MUST be an ELI IRI | G81: sh:IRI | J81: eli:Work | M81: "^http[s]?://(.*)/eli/(.*)"
A82: =IFERROR(__xludf.DUMMYFUNCTION("CONCATENATE(""elish:"",REGEXREPLACE(C80,""eli:|[, ]"",""""),""_"",REGEXREPLACE(B80,""eli:"",""""))"),"elish:LegalResource_is_member_of") -> elish:LegalResource_is_member_of | B82: eli:is_member_of | C82: eli:LegalResource | D82: sh:Violation | E82: is member of | F82: eli:is_member_of MUST be an ELI IRI | G82: sh:IRI | J82: eli:Work | M82: "^http[s]?://(.*)/eli/(.*)"
A83: =IFERROR(__xludf.DUMMYFUNCTION("CONCATENATE(""elish:"",REGEXREPLACE(C81,""eli:|[, ]"",""""),""_"",REGEXREPLACE(B81,""eli:"",""""))"),"elish:LegalResource_has_member") -> elish:LegalResource_has_member | B83: eli:has_member | C83: eli:LegalResource | D83: sh:Violation | E83: has member | F83: eli:has_member MUST be an ELI IRI | G83: sh:IRI | J83: eli:Work | M83: "^http[s]?://(.*)/eli/(.*)"
A84: =IFERROR(__xludf.DUMMYFUNCTION("CONCATENATE(""elish:"",REGEXREPLACE(C82,""eli:|[, ]"",""""),""_"",REGEXREPLACE(B82,""eli:"",""""))"),"elish:LegalResource_is_realized_by") -> elish:LegalResource_is_realized_by | B84: eli:is_realized_by | C84: eli:LegalResource | D84: sh:Violation | E84: is realized by | F84: eli:is_realized_by MUST be an ELI IRI | G84: sh:IRI | J84: eli:LegalExpression | M84: "^http[s]?://(.*)/eli/(.*)"
A85: =IFERROR(__xludf.DUMMYFUNCTION("CONCATENATE(""elish:"",REGEXREPLACE(C83,""eli:|[, ]"",""""),""_"",REGEXREPLACE(B83,""eli:"",""""))"),"elish:LegalResource_type_document") -> elish:LegalResource_type_document | B85: eli:type_document | C85: eli:LegalResource | D85: sh:Violation | E85: type document | F85: eli:type_document MUST be an IRI | G85: sh:IRI
A86: =IFERROR(__xludf.DUMMYFUNCTION("CONCATENATE(""elish:"",REGEXREPLACE(C84,""eli:|[, ]"",""""),""_"",REGEXREPLACE(B84,""eli:"",""""))"),"elish:LegalResource_passed_by") -> elish:LegalResource_passed_by | B86: eli:passed_by | C86: eli:LegalResource | D86: sh:Violation | E86: passed by | F86: eli:passed_by MUST have an IRI value | G86: sh:IRI | J86: eli:Agent
A87: =IFERROR(__xludf.DUMMYFUNCTION("CONCATENATE(""elish:"",REGEXREPLACE(C85,""eli:|[, ]"",""""),""_"",REGEXREPLACE(B85,""eli:"",""""))"),"elish:LegalResource_countersigned_by") -> elish:LegalResource_countersigned_by | B87: eli:countersigned_by | C87: eli:LegalResource | D87: sh:Violation | E87: countersigned by | F87: eli:countersigned_by MUST have an IRI value | G87: sh:IRI | J87: eli:Agent
A88: =IFERROR(__xludf.DUMMYFUNCTION("CONCATENATE(""elish:"",REGEXREPLACE(C86,""eli:|[, ]"",""""),""_"",REGEXREPLACE(B86,""eli:"",""""))"),"elish:LegalResource_responsibility_of") -> elish:LegalResource_responsibility_of | B88: eli:responsibility_of | C88: eli:LegalResource | D88: sh:Violation | E88: responsibility of | F88: eli:responsibility_of MUST have a literal value with datatype xsd:string | G88: sh:Literal | K88: xsd:string
A89: =IFERROR(__xludf.DUMMYFUNCTION("CONCATENATE(""elish:"",REGEXREPLACE(C87,""eli:|[, ]"",""""),""_"",REGEXREPLACE(B87,""eli:"",""""))"),"elish:LegalResource_responsibility_of_agent") -> elish:LegalResource_responsibility_of_agent | B89: eli:responsibility_of_agent | C89: eli:LegalResource | D89: sh:Violation | E89: responsibility of agent | F89: eli:responsibility_of_agent MUST have an IRI value | G89: sh:IRI
A90: =IFERROR(__xludf.DUMMYFUNCTION("CONCATENATE(""elish:"",REGEXREPLACE(C88,""eli:|[, ]"",""""),""_"",REGEXREPLACE(B88,""eli:"",""""))"),"elish:LegalResource_transposed_by") -> elish:LegalResource_transposed_by | B90: eli:transposed_by | C90: eli:LegalResource | D90: sh:Violation | E90: transposed by | F90: eli:transposed_by MUST have an IRI value | G90: sh:IRI | J90: eli:LegalResource, eli:LegalExpression
A91: =IFERROR(__xludf.DUMMYFUNCTION("CONCATENATE(""elish:"",REGEXREPLACE(C89,""eli:|[, ]"",""""),""_"",REGEXREPLACE(B89,""eli:"",""""))"),"elish:LegalResource_implementation_ensured_by") -> elish:LegalResource_implementation_ensured_by | B91: eli:implementation_ensured_by | C91: eli:LegalResource | D91: sh:Violation | E91: implementation ensured by | F91: eli:implementation_ensured_by MUST have an IRI value in | G91: sh:IRI
A92: =IFERROR(__xludf.DUMMYFUNCTION("CONCATENATE(""elish:"",REGEXREPLACE(C90,""eli:|[, ]"",""""),""_"",REGEXREPLACE(B90,""eli:"",""""))"),"elish:LegalResource_applied_by") -> elish:LegalResource_applied_by | B92: eli:applied_by | C92: eli:LegalResource | D92: sh:Violation | E92: applied by | F92: eli:applied_by MUST have an IRI value | G92: sh:IRI | J92: eli:LegalResource, eli:LegalExpression
A93: =IFERROR(__xludf.DUMMYFUNCTION("CONCATENATE(""elish:"",REGEXREPLACE(C91,""eli:|[, ]"",""""),""_"",REGEXREPLACE(B91,""eli:"",""""))"),"elish:LegalResource_is_another_publication_of") -> elish:LegalResource_is_another_publication_of | B93: eli:is_another_publication_of | C93: eli:LegalResource | D93: sh:Violation | E93: is another publication of | F93: eli:is_another_publication_of MUST have an IRI value | G93: sh:IRI | J93: eli:LegalResource
A94: =IFERROR(__xludf.DUMMYFUNCTION("CONCATENATE(""elish:"",REGEXREPLACE(C92,""eli:|[, ]"",""""),""_"",REGEXREPLACE(B92,""eli:"",""""))"),"elish:LegalResource_has_another_publication") -> elish:LegalResource_has_another_publication | B94: eli:has_another_publication | C94: eli:LegalResource | D94: sh:Violation | E94: has another publication | F94: eli:has_another_publication MUST have an IRI value | G94: sh:IRI | J94: eli:LegalResource
A95: elish:AbstractLegalResource
A96: elish:AbstractLegalResource_has_member_or_is_member_of | B96: eli:has_member|^eli:is_member_of | C96: elish:AbstractLegalResource | D96: sh:Violation | E96: link to individual legal resource | F96: An abstract LegalResource MUST have at least one other legal resource as a member | H96: 1
A97: elish:IndividualLegalResource
A98: elish:IndividualLegalResource_is_realized_by_or_inverse_realizes | B98: eli:is_realized_by|^eli:realizes | C98: elish:IndividualLegalResource | D98: sh:Violation | E98: link to expression | F98: An individual LegalResource MUST be realized by at least one expression | H98: 1
A99: elish:IndividualLegalResource_zeroorone_is_member_of_or_has_member_then_type_document | B99: ((eli:is_member_of|^eli:has_member)?)/eli:type_document | C99: elish:IndividualLegalResource | D99: sh:Violation | E99: type of document (of self or abstract legal resource) | F99: An individual LegalResource MUST have an eli:type_document on itself or its abstract legal resource | H99: 1
A100: eli:WorkSubdivision
A101: =IFERROR(__xludf.DUMMYFUNCTION("CONCATENATE(""elish:"",REGEXREPLACE(C99,""eli:|[, ]"",""""),""_"",REGEXREPLACE(B99,""eli:"",""""))"),"elish:WorkSubdivision_type_subdivision") -> elish:WorkSubdivision_type_subdivision | B101: eli:type_subdivision | C101: eli:WorkSubdivision | D101: sh:Violation | E101: type of subdivision | F101: A WorkSubdivision MUST have at the most one subdivision type. eli:type_subdivision MUST have an IRI value | G101: sh:IRI | I101: 1
A103: eli:LegalExpression
A104: =IFERROR(__xludf.DUMMYFUNCTION("CONCATENATE(""elish:"",REGEXREPLACE(C102,""eli:|[, ]"",""""),""_"",REGEXREPLACE(B102,""eli:"",""""))"),"elish:LegalExpression_realizes") -> elish:LegalExpression_realizes | B104: eli:realizes | C104: eli:LegalExpression | D104: sh:Violation | E104: realizes | F104: eli:realizes MUST be an ELI IRI | G104: sh:IRI | J104: eli:LegalResource | M104: "^http[s]?://(.*)/eli/(.*)"
A105: =IFERROR(__xludf.DUMMYFUNCTION("CONCATENATE(""elish:"",REGEXREPLACE(C103,""eli:|[, ]"",""""),""_"",REGEXREPLACE(B103,""eli:"",""""))"),"elish:LegalExpression_is_embodied_by") -> elish:LegalExpression_is_embodied_by | B105: eli:is_embodied_by | C105: eli:LegalExpression | D105: sh:Violation | E105: is embodied by | F105: eli:is_embodied_by MUST be an ELI IRI | G105: sh:IRI | J105: eli:Format | M105: "^http[s]?://(.*)/eli/(.*)"
A106: =IFERROR(__xludf.DUMMYFUNCTION("CONCATENATE(""elish:"",REGEXREPLACE(C104,""eli:|[, ]"",""""),""_"",REGEXREPLACE(B104,""eli:"",""""))"),"elish:LegalExpression_title") -> elish:LegalExpression_title | B106: eli:title | C106: eli:LegalExpression | D106: sh:Violation | E106: title | F106: A LegalExpression MUST have at least one title. | H106: 1
A107: =IFERROR(__xludf.DUMMYFUNCTION("CONCATENATE(""elish:"",REGEXREPLACE(C105,""eli:|[, ]"",""""),""_"",REGEXREPLACE(B105,""eli:"",""""))"),"elish:LegalExpression_language") -> elish:LegalExpression_language | B107: eli:language | C107: eli:LegalExpression | D107: sh:Violation | E107: language | F107: A LegalExpression MUST have at least one eli:language. | H107: 1
A108: =IFERROR(__xludf.DUMMYFUNCTION("CONCATENATE(""elish:"",REGEXREPLACE(C106,""eli:|[, ]"",""""),""_"",REGEXREPLACE(B106,""eli:"",""""))"),"elish:LegalExpression_has_translation") -> elish:LegalExpression_has_translation | B108: eli:has_translation | C108: eli:LegalExpression | D108: sh:Violation | E108: has translation | F108: eli:has_translation MUST have an IRI value | G108: sh:IRI | J108: eli:LegalExpression
A109: =IFERROR(__xludf.DUMMYFUNCTION("CONCATENATE(""elish:"",REGEXREPLACE(C107,""eli:|[, ]"",""""),""_"",REGEXREPLACE(B107,""eli:"",""""))"),"elish:LegalExpression_is_translation_of") -> elish:LegalExpression_is_translation_of | B109: eli:is_translation_of | C109: eli:LegalExpression | D109: sh:Violation | E109: is translation of | F109: eli:is_translation_of MUST have an IRI value | G109: sh:IRI | J109: eli:LegalExpression
A110: elish:LegalExpression_realizes_or_inverse_is_realized_by | B110: eli:realizes|^eli:is_realized_by | C110: eli:LegalExpression | D110: sh:Violation | E110: link to legal resource | F110: A LegalExpression MUST be the realization of one and only one LegalResource | H110: 1 | I110: 1
A111: elish:LegalExpression_is_embodied_by_or_inverse_embodies | B111: eli:is_embodied_by|^eli:embodies | C111: eli:LegalExpression | D111: sh:Violation | E111: link to format | F111: A LegalExpression MUST be embodied by at least one Format | H111: 1
...

Sheet Schema.org Legislation (Mapping
A1: Source: https://op.europa.eu/en/web/eu-vocabularies/dataset/-/resource?uri=http://publications.europa.eu/resource/dataset/eli
A2: Documentation
A4: Mapping of ELI 1.5 with schema.org
C5: Yellow cells indicate classes or properties that are part of the legal extension of SDO (http://pending.schema.org/Legislation)
A7: Name
A8: Classes | C8: Schema.org mapping
A9: Work | B9: rdfs:subClassOf | C9: schema:CreativeWork
A10: ComplexWork | B10: rdfs:subClassOf | C10: schema:CreativeWork
A11: WorkSubdivision | B11: rdfs:subClassOf | C11: schema:CreativeWork
A12: Expression | B12: rdfs:subClassOf | C12: schema:CreativeWork
A13: Manifestation | B13: rdfs:subClassOf | C13: schema:MediaObject
A14: LegalResource | B14: rdfs:subClassOf | C14: schema:Legislation
A15: LegalResourceSubdivision | B15: rdfs:subClassOf | C15: schema:Legislation
A16: LegalExpression | B16: rdfs:subClassOf | C16: schema:Legislation
A17: Format | B17: rdfs:subClassOf | C17: schema:LegislationObject
A18: Agent | C18: - | D18: no equivalent mapping for this abstract class, but subclasses Person and Organization can be mapped to equivalent classes.
A19: Person | B19: owl:equivalentClass | C19: schema:Person
A20: Organization | B20: owl:equivalentClass | C20: schema:Organization
A22: Properties : FRBR structure | C22: Schema.org mapping
A23: is_part_of | B23: rdfs:subPropertyOf | C23: schema:isPartOf
A24: has_part | B24: rdfs:subPropertyOf | C24: schema:hasPart
A25: is_member_of | B25: rdfs:subPropertyOf | C25: schema:exampleOfWork
A26: has_member | B26: rdfs:subPropertyOf | C26: schema:workExample
A27: is_realized_by | B27: rdfs:subPropertyOf | C27: schema:workExample
A28: realizes | B28: rdfs:subPropertyOf | C28: schema:exampleOfWork
A29: is_embodied_by | B29: rdfs:subPropertyOf | C29: schema:encoding
A30: embodies | B30: rdfs:subPropertyOf | C30: schema:encodesCreativeWork
A31: is_exemplified_by | B31: rdfs:subPropertyOf | C31: schema:contentUrl
A32: Properties : description | C32: Schema.org mapping
A33: number | B33: rdfs:subPropertyOf | C33: schema:legislationIdentifier
A34: uri_schema | C34: - | D34: Not to be mapped to schema.org
A35: id_local | B35: rdfs:subPropertyOf | C35: schema:legislationIdentifier
A36: work_type | B36: owl:equivalentProperty | C36: schema:genre
A37: type_document | B37: owl:equivalentProperty | C37: schema:legislationType
A38: type_subdivision | B38: owl:equivalentProperty | C38: schema:legislationType
A39: relevant_for | B39: rdfs:subPropertyOf | C39: schema:spatialCoverage
A40: jurisdiction | B40: rdfs:subPropertyOf | C40: schema:spatialCoverage
A41: passed_by | B41: owl:equivalentProperty | C41: schema:legislationPassedBy
A42: countersigned_by | C42: - | D42: No equivalent property in current schema.org Legislation extension.
A43: responsibility_of | B43: rdfs:subPropertyOf | C43: schema:legislationResponsible
A44: responsibility_of_agent | B44: rdfs:subPropertyOf | C44: schema:legislationResponsible
A45: is_about | B45: rdfs:subPropertyOf | C45: schema:about
A46: description | B46: rdfs:subPropertyOf | C46: schema:description
A47: version | B47: rdfs:subPropertyOf | C47: schema:version
A48: version_date | B48: owl:equivalentProperty | C48: schema:legislationDateVersion
A49: Properties : dates and date-related | C49: Schema.org mapping
A50: date_document | B50: owl:equivalentProperty | C50: schema:legislationDate
A51: date_publication | B51: rdfs:subPropertyOf | C51: schema:datePublished
A52: in_force | B52: owl:equivalentProperty | C52: schema:legislationLegalForce
A53: first_date_entry_in_force | B53: rdfs:subPropertyOf | C53: schema:temporalCoverage
A54: date_no_longer_in_force | B54: rdfs:subPropertyOf | C54: schema:temporalCoverage
A55: date_applicability | C55: - | D55: No equivalent property in current schema.org Legislation extension.
A56: Properties : relations | C56: Schema.org mapping
A57: refers_to | B57: owl:equivalentProperty | C57: schema:mentions
A58: is_referred_to_by | B58: owl:equivalentProperty | C58: schema:mentions (inverse)
A59: related_to | C59: - | D59: No equivalent property in current schema.org Legislation extension, but mapping exists for subproperties.
A60: is_derivative_of | B60: rdfs:subPropertyOf | C60: schema:isBasedOn
A61: has_derivative | C61: schema:isBasedOn (inverse)
A62: has_annex | C62: -
A63: is_annex_of | C63: -
A64: changes | B64: owl:equivalentProperty | C64: schema:legislationChanges
A65: changed_by | C65: schema:legislationChanges (inverse)
A66: basis_for | C66: schema:isBasedOn (inverse)
A67: based_on | B67: rdfs:subPropertyOf | C67: schema:isBasedOn
A68: cites | B68: rdfs:subPropertyOf | C68: schema:citation
A69: cited_by | B69: rdfs:subPropertyOf | C69: schema:citation (inverse)
A70: consolidates | B70: owl:equivalentProperty | C70: schema:legislationConsolidates
A71: consolidated_by | C71: schema:legislationConsolidates (inverse)
A72: transposes | B72: owl:equivalentProperty | C72: schema:legislationTransposes
A73: transposed_by | C73: schema:legislationTransposes (inverse)
A74: ensures_implementation_of | B74: rdfs:subPropertyOf | C74: schema:legislationApplies
A75: implementation_ensured_by | B75: rdfs:subPropertyOf | C75: schema:legislationApplies (inverse)
A76: implements | C76: - | D76: Deprecated property not to be mapped to schema.org
A77: implemented_by | C77: - | D77: Deprecated property not to be mapped to schema.org
A78: applies | B78: owl:equivalentProperty | C78: schema:legislationApplies
A79: applied_by | B79: owl:equivalentProperty | C79: schema:legislationApplies (inverse)
A80: commences | B80: rdfs:subPropertyOf | C80: schema:legislationChanges
A81: commenced_by | B81: rdfs:subPropertyOf | C81: schema:legislationChanges (inverse)
A82: repeals | B82: rdfs:subPropertyOf | C82: schema:legislationChanges
A83: repealed_by | B83: rdfs:subPropertyOf | C83: schema:legislationChanges (inverse)
A84: corrects | C84: - | D84: no equivalence in current version of schema.org extension
A85: corrected_by | C85: - | D85: no equivalence in current version of schema.org extension
A86: amends | B86: rdfs:subPropertyOf | C86: schema:legislationChanges
A87: amended_by | B87: rdfs:subPropertyOf | C87: schema:legislationChanges (inverse)
A88: is_another_publication_of | C88: - | D88: no equivalence in current version of schema.org extension
A89: has_another_publication | C89: - | D89: no equivalence in current version of schema.org extension
A90: cited_by_case_law | B90: rdfs:subPropertyOf | C90: schema:citation (inverse)
A91: cited_by_case_law_reference | B91: rdfs:subPropertyOf | C91: schema:citation (inverse)
A92: Properties : LegalExpression and Format | C92: Schema.org mapping
A93: language | B93: rdfs:subPropertyOf | C93: schema:inLanguage
A94: title | B94: rdfs:subPropertyOf | C94: schema:name
A95: title_short | B95: rdfs:subPropertyOf | C95: schema:alternateName
A96: title_alternative | B96: rdfs:subPropertyOf | C96: schema:alternateName
A97: has_translation | B97: rdfs:subPropertyOf | C97: schema:workTranslation
A98: is_translation_of | B98: rdfs:subPropertyOf | C98: schema:translationOfWork
A99: published_in | B99: rdfs:subPropertyOf | C99: schema:isPartOf
A100: published_in_format | B100: rdfs:subPropertyOf | C100: schema:isPartOf
A101: publishes | B101: rdfs:subPropertyOf | C101: schema:hasPart
A102: publisher | B102: rdfs:subPropertyOf | C102: schema:publisher
A103: publisher_agent | B103: rdfs:subPropertyOf | C103: schema:publisher
...

Sheet Schema.org PublicationIssue
B1: Mapping: Schema.org Publication > eCH-0296 (optional)
B2: Thing > CreativeWork > CreativeWorkSeries > Periodical> PublicationVolume > PublicationIssue
B5: Schema.org | C5: Property | D5: FRBR | E5: ELI
B6: Thing > CreativeWork | C6: ? | D6: n/a
A7: 1 | B7: CreativeWork > CreativeWorkSeries | C7: ? | D7: Work
A8: 2 | B8: CreativeWorkSeries > Periodical | C8: ? | D8: Work
A9: 3 | B9: Periodical> PublicationVolume | C9: hasPart / isPartOf | D9: Work
A10: 4 | B10: PublicationVolume > PublicationIssue | C10: hasPart / isPartOf | D10: Work | E10: LegalExpression
A11: 5
B13: Schema.org | C13: Property | D13: FRBR | E13: ELI
B14: Thing > CreativeWork | C14: subjectOf / about | D14: Work | E14: LegalResource
A15: 1 | B15: CreativeWork > Expression / LegalExpression | C15: workExample / exampleOfWork | D15: Expression | E15: LegalExpression
A16: 2
B19: Schema | C19: Property | D19: Expected Type | E19: Description
A20: Level | B20: Thing | C20: additionalType | D20: Text or URL | E20: An additional type for the item, typically used for adding more specific types from external vocabularies.
A21: 1 | B21: Thing | C21: alternateName | D21: Text | E21: An alias for the item.
A22: 1 | B22: Thing | C22: description | D22: Text or TextObject | E22: A description of the item.
A23: 1 | B23: Thing | C23: disambiguatingDescription | D23: Text | E23: A short description used to disambiguate from other, similar items.
A24: 1 | B24: Thing | C24: identifier | D24: PropertyValue, Text, or URL | E24: Any kind of identifier for any kind of Thing, such as ISBNs, GTIN codes, UUIDs, etc.
A25: 1 | B25: Thing | C25: image | D25: ImageObject or URL | E25: An image of the item.
A26: 1 | B26: Thing | C26: mainEntityOfPage | D26: CreativeWork or URL | E26: Indicates a page for which this thing is the main entity being described.
A27: 1 | B27: Thing | C27: name | D27: Text | E27: The name of the item.
A28: 1 | B28: Thing | C28: owner | D28: Organization or Person | E28: A person or organization who owns this Thing.
A29: 1 | B29: Thing | C29: potentialAction | D29: Action | E29: Indicates a potential Action, an idealized action in which this thing would play an 'object' role.
A30: 1 | B30: Thing | C30: sameAs | D30: URL | E30: URL of a reference web page that unambiguously indicates the item's identity.
A31: 1 | B31: Thing | C31: subjectOf | D31: CreativeWork or Event | E31: A CreativeWork or Event about this Thing.
A32: 1 | B32: Thing | C32: url | D32: URL | E32: URL of the item.
A33: 1
C34: 2
C35: Thing > CreativeWork
C36: Property | D36: Expected Type | E36: Description
B37: CreativeWork | C37: about | D37: Thing | E37: The subject matter of an object.
A38: 2 | B38: CreativeWork | C38: abstract | D38: Text | E38: A short description that summarizes a CreativeWork.
A39: 2 | B39: CreativeWork | C39: accessMode | D39: Text | E39: The sensory/cognitive mode through which the content can be perceived (e.g. visual, auditory).
A40: 2 | B40: CreativeWork | C40: accessModeSufficient | D40: ItemList | E40: Combined access modes that are sufficient to understand all the content.
A41: 2 | B41: CreativeWork | C41: accessibilityAPI | D41: Text | E41: Accessibility API the resource is compatible with.
A42: 2 | B42: CreativeWork | C42: accessibilityControl | D42: Text | E42: Input methods sufficient to fully control the resource.
A43: 2 | B43: CreativeWork | C43: accessibilityFeature | D43: Text | E43: Accessibility features present in the resource.
A44: 2 | B44: CreativeWork | C44: accessibilityHazard | D44: Text | E44: A characteristic that may be physiologically dangerous to some users.
A45: 2 | B45: CreativeWork | C45: accessibilitySummary | D45: Text | E45: Human-readable summary of accessibility features/deficiencies.
A46: 2 | B46: CreativeWork | C46: accountablePerson | D46: Person | E46: The Person legally accountable for the CreativeWork.
A47: 2 | B47: CreativeWork | C47: acquireLicensePage | D47: CreativeWork or URL | E47: Page documenting how to acquire a license for the item.
A48: 2 | B48: CreativeWork | C48: aggregateRating | D48: AggregateRating | E48: Overall rating based on a collection of reviews.
A49: 2 | B49: CreativeWork | C49: alternativeHeadline | D49: Text | E49: A secondary title of the CreativeWork.
... A150: 3 | B150: CreativeWorkSeries | C150: startDate | D150: Date or DateTime | E150: The start date and time of the item.
A151: 3 | B151: Periodical | C151: (none) | E151: Periodical has no properties of its own; it inherits all properties from CreativeWorkSeries.
A152: 4 | B152: PublicationVolume | C152: pageEnd | D152: Integer or Text | E152: The page on which the work ends; for example "138" or "xvi".
A153: 5 | B153: PublicationVolume | C153: pageStart | D153: Integer or Text | E153: The page on which the work starts; for example "135" or "xiii".
A154: 5 | B154: PublicationVolume | C154: pagination | D154: Text | E154: Any description of pages not separated into pageStart and pageEnd; for example "1-6, 9, 55".
A155: 5 | B155: PublicationVolume | C155: volumeNumber | D155: Integer or Text | E155: Identifies the volume of publication or multi-part work; for example "iii" or "2".
A156: 5 | B156: PublicationIssue | C156: issueNumber | D156: Integer or Text | E156: Identifies the issue of publication; for example, "iii" or "2".
A157: 6 | B157: PublicationIssue | C157: pageEnd | D157: Integer or Text | E157: The page on which the work ends; for example "138" or "xvi".
A158: 6 | B158: PublicationIssue | C158: pageStart | D158: Integer or Text | E158: The page on which the work starts; for example "135" or "xiii".
A159: 6 | B159: PublicationIssue | C159: pagination | D159: Text | E159: Any description of pages that is not separated into pageStart and pageEnd; for example, "1-6, 9, 55" or "10-12, 46-49".
A160: 6

Sheet ELI-DL
A1: ELI_DL
A2: Source: https://interoperable-europe.ec.europa.eu/collection/eli-european-legislation-identifier/solution/eli-ontology-draft-legislation-eli-dl/distribution/eli-dl-v3-complete-package
A4: File | B4: Description | C4: Reihenfolge
A5: ELI-DL-diagrams.pptx | B5: ELI-DL Diagrams | C5: 6
A6: eli-dl.xlsx | C6: 3-5
A7: ELI-DL-v3-release-note.pdf | B7: ELI-DL Release Notes | C7: 1
A8: ELI-DL-examples.pptx | B8: ELI-DL Examples | C8: 7
A9: ELI-DL-URI-components.docx | B9: ELI-DL URI components | C9: 2
A11: ELI-DL-OWL/FRBR2.4-draft.rdf | B11: OWL | C11: n/a
A12: ELI-DL-OWL/cidoc_crm_v6.2.1-2018April.rdf | B12: OWL | C12: n/a
A13: ELI-DL-OWL/eli-dl.ttl | B13: OWL | C13: n/a
A14: ELI-DL-OWL/catalog-v001.xml | B14: OWL | C14: n/a

Sheet ELI-DL Release Notes
A1: ELI-DL: European Legislation Identifier
A2: for Draft Legislation
B4: What is ELI-DL?
B5: The ELI ontology for draft legislation (ELI-DL), available as a Joinup solution is an independent
B6: extension of the core ELI ontology; it enables the semantic annotation of bills, or legislative projects
B7: pages published in the portals of Official Journals or Parliaments.
B9: ELI-DL enables users and applications to understand in which phase/stage a legislative draft is, and
B10: what are the related documents. There are several use cases where professionals, civil servants, or
B11: citizens are interested to consult past legislative work and related documents when they access to a
B12: law. Several Official Journals give information about the preparation of the law. One of the richest
B13: example is given by Eur-Lex, with access to documents and descriptions of the steps of the European
B14: procedures. Another use case is to offer to users a service that let them anticipate changes of
B15: existing laws with links to laws that will be impacted by the new legislation, or EU Directive that will
B16: be transposed.
... B22: At a glance, ELI-DL allows the structured description of:
C23: · Processes, often LegislativeProcesses, with their title, description, ids, type, status, keywords,
C24: and links to input documents and the final legislation published as an outcome of the project;
C25: · A serie of Activities, often LegislativeActivities, taking place during the drafting; each activity
C26: is an event with start and end date, participant and responsible persons (“rapporteur”) or
C27: organizations (“commitees”); each activity can produce or be based on
C28: LegislativeProcessWorks;
C29: · The LegislativeProcessWorks, all the documents produced during the projects, in particular
C30: related opinions, impact analysis, etc.; these can be refined into:
D31: o DraftLegislationWork: successive versions of the drafted legislation text;
D32: o AmendmentToDraftLegislationWork: amendments on the draft legislation;
B34: A key feature of ELI-DL is its ability to state the foreseeable impacts of a draft legislation on existing
B35: legislation, thus providing data consumers a way to get early alerts on potential impacts of a
B36: legislative project.
B38: ELI-DL, as ELI, is based on the FRBRoo ontology.
B40: What does the package contain?
C41: · ELI-DL-README: This document, an introduction to ELI-DL
C42: · ELI-DL-diagrams: Diagrams and introduction to the model
C43: · ELI-DL-examples: Implementation examples· ELI-DL-URI-components: Specifications and guidelines for ELI-DL URI components
C44: · ELI-DL Excel spreadsheet : a table of the definition of all the terms defined in ELI-DL,
C45: automatically generated from the OWL file;
C46: · ELI-DL OWL: The formal encoding of ELI-DL in OWL;
B48: ELI-DL v3 : What is in this new version?
B49: This is the third version of the ELI extension for Draft Legislation (ELI-DL).
B51: This version enhances the modelling of Votes, by adding a more generic Decision level, and adjusting
B52: some property names.
B54: This version is not backward-compatible with the previous version on the modelling of Votes.
B56: This version relies on ELI ontology 1.5.
B58: The most significant changes in this version are :
C59: · Introduction of a generic Decision class, super-class of Vote.
C60: ◦ Rename vote_decision to decision_outcome
C61: ◦ Introduce decision_method
C62: · Introduction of activity_order on class Activity
C63: · Introduction of had_excused_person and had_excused_person_label on Activity
C64: · Renaming of recorded_in_realization_of in recorded_in_a_realization_of
C65: · Move eli-dl:refers_to into ELI ontology as eli:refers_to

Sheet ELI-DL URI components
B1: ELI-DL URI components
B3: Executive Summary
B5: This note :
B6: 1. describes additional URI components of the core ELI framework components to identify entities in the Draft Legislation extension (ELI-DL);
B7: 2. give general guidelines and best practices on how to forge the URIs of Legal Activities and other entities in the ELI-DL extension;
B9: It should be read by teams of the ELI Taskforce members wishing to implement ELI for Draft Legislation.
B11: ELI-DL URI components
B12: The ELI core URI components are listed in the Reference ELI template components document. ELI-DL defines the following additional URI components in the table below, similar to the ELI core URI component table.
B13: Note that all existing ELI URI components remain applicable in the case of draft legislation, typically Agent, Point-in-Time, Sequence number, Jurisdiction, Language, Format, etc.
B15: Category | C15: Name | D15: Comments
C16: /eli/dl | D16: The “/eli/dl” root is used to indicate the URI of any entity related to draft legislation, as opposed to an ELI URI from the legislation corpus.
B17: Legislative process | C17: process type | D17: Nature of a legislation drafting process. When the exact nature of the legislative process is not known, or is not applicable, a fixed value or code should be used to indicate that the URI identifies a legislative process.
B18: Legislative process | C18: process identifier | D18: An identifier, number or reference of the legislative process.
B19: Activities | C19: activity | D19: Reference to an activity taking place in the course of a legislative process. This can be decomposed into an activity type followed by a sequence number or an activity date, or use any other ways of referring to an activity, depending on requirements.
B20: Activities | C20: subactivity | D20: The decomposition of a larger activity into smaller activities.
B21: Documents produced within a legislative process | C21: type of a legislative process document | D21: The nature of a document produced during a legislative process. When the exact nature of the document is not known, or is not applicable, a fixed value or code should be used to indicate that the URI identifies a document.
B23: Guidelines for creating ELI-DL URIs
B25: “SHOULD” and “MUST” guidelines
B26: Key words MUST, SHOULD in this document are to be interpreted as described in BCP 14 :
B27: l The key word MUST, when appearing in capital, mean that the definition is an absolute requirement.
B28: l The key word SHOULD or the adjective "RECOMMENDED", when appearing in capital, mean that there may exist valid reasons in particular circumstances to ignore a particular item, but the full implications must be understood and carefully weighed before choosing a different course.
B30: Use the “/eli/dl” root
B31: The URIs for legislative processes, activities and all related documents MUST all start with the “/eli/dl” path.
B32: This is made to clearly separate the draft legislation corpus from the published acts; by looking at the URI one immediately knows in which world it belongs.
B34: Identify legislative processes
B35: Legislative processes MUST be uniquely identified. Typical identification of legislative processes will use the {process_type} component. This can take a fixed value or code in the case a type is not applicable (e.g. “project”, “proj”, “bill”, “draft”, etc.).
B37: Example (fictitious) : if legislative processes are identified using a sequence number that starts over each year, a possible URI template can be /eli/dl/proj/{year}/{process_identifier}
B39: Here, proj is a fixed value for the {process_type} component, right after the /eli/dl root.
... B118: This URI identifies the HTML format of the Spanish variant of a related document number abc12 in the legislative process 123 of 2019.

Sheet ELI-DL Classes
A1: Ontology IRI | B1: http://data.europa.eu/eli/eli-draft-legislation-ontology#
A2: rdf:type | B2: owl:Ontology
A3: owl:imports | B3: http://iflastandards.info/ns/fr/frbr/frbroo/
A4: owl:imports | B4: http://www.cidoc-crm.org/cidoc-crm/
A5: owl:imports | B5: http://www.w3.org/2004/02/skos/core
A6: owl:imports | B6: http://data.europa.eu/eli/ontology#
A7: PREFIX | B7: eli-dl | C7: =$B$1 -> http://data.europa.eu/eli/eli-draft-legislation-ontology#
A8: PREFIX | B8: frbroo | C8: http://iflastandards.info/ns/fr/frbr/frbroo/
A9: PREFIX | B9: crm | C9: http://www.cidoc-crm.org/cidoc-crm/
A10: PREFIX | B10: eli | C10: http://data.europa.eu/eli/ontology#
B12: URI | D12: Based on (superclass) | E12: Label | F12: Description | G12: Corresponding table
A13: URI | B13: dc:identifier | C13: rdf:type | D13: rdfs:subClassOf(separator=",") | E13: rdfs:label@en | F13: rdfs:comment@en | G13: owl:equivalentClass
A14: Process and Activities description
A15: =CONCATENATE($B$7,":",B15) -> eli-dl:Activity | B15: Activity | C15: owl:Class | D15: crm:E7_Activity | E15: Activity | F15: An activity taking place in a legal context, either in legislative bodies like parliaments or executive bodies like governements or the European Commission. This may involve the creation of a document, or be triggered by a document created by a previous activity. This can be used to describe activities at an arbitrary level of precisions : either macro activities, like \"reading of text in a chamber\", or small-grained activities, like \"vote to elect the president of a commitee session\".
A16: =CONCATENATE($B$7,":",B16) -> eli-dl:Participation | B16: Participation | C16: owl:Class | E16: Participation | F16: The participation of an Agent in an Activity, in a certain role, and possibly in the name of another Agent.
A17: =CONCATENATE($B$7,":",B17) -> eli-dl:Process | B17: Process | C17: owl:Class | D17: eli-dl:Activity | E17: Process | F17: A process, either legislative (the drafting of a law) or non-legislative, that will not give birth to a legislation.
A18: =CONCATENATE($B$7,":",B18) -> eli-dl:ForeseenActivity | B18: ForeseenActivity | C18: owl:Class | D18: eli-dl:Activity | E18: Foreseen Activity | F18: A planned, foreseen activity, in the future. Planned activities are regarded as specific (subclasses of) Activities, thus can be described with the same set of properties as a past activity.
A19: =CONCATENATE($B$7,":",B19) -> eli-dl:TranspositionProcess | B19: TranspositionProcess | C19: owl:Class | D19: eli-dl:Process | E19: Transposition Process | F19: The process of transposing an EU legislation in national legislation.
A20: =CONCATENATE($B$7,":",B20) -> eli-dl:Decision | B20: Decision | C20: owl:Class | D20: eli-dl:Activity | E20: Decision | F20: A specific kind of activity that resulted in a decision outcome. Decisions can be formally taken based on a written document.
A21: =CONCATENATE($B$7,":",B21) -> eli-dl:Vote | B21: Vote | C21: owl:Class | D21: eli-dl:Decision | E21: Vote | F21: A Vote activity
A22: =CONCATENATE($B$7,":",B22) -> eli-dl:LegislativeProcess | B22: LegislativeProcess | C22: owl:Class | D22: eli-dl:LegislativeActivity, eli-dl:Process | E22: Legislative Process | F22: A process of drafting a legislation, covering all stages of the legislation creation, from the initiation to its signature or promulgation to make it a legislation, including readings and assemblies and official signature of the law. Note that the activity of publishing the legislation in an Official Journal is usually not part of the legislative process, as it usually happens after the draft legislation has become an official legislation.
A23: =CONCATENATE($B$7,":",B23) -> eli-dl:LegislativeActivity | B23: LegislativeActivity | C23: owl:Class | D23: eli-dl:Activity | E23: Legislative activity | F23: Any activity taking place in the course of the drafting of a legislation.
A24: Work description
A25: =CONCATENATE($B$7,":",B25) -> eli-dl:LegislativeProcessWork | B25: LegislativeProcessWork | C25: owl:Class | D25: eli:Work | E25: Legislative process work | F25: Any work created by an activity during a legislative process. If the work is a version of the legislation draft or an amendment, more specific subclasses should be used. Example : an impact study, an opinion from a commitee, a debate recording or transcript.
A26: =CONCATENATE($B$7,":",B26) -> eli-dl:DraftLegislationWork | B26: DraftLegislationWork | C26: owl:Class | D26: eli-dl:LegislativeProcessWork | E26: Draft legislation work | F26: Works that are draft legislations. Like eli:LegalResource, this class can be used to identify either a specific version of the legislation draft, or the \"abstract\" legislation work, independantly of one of its versions (in FRBRoo terms, it encompasses the notion of \"Individual work\" and \"Complex work\"). Example : the legislation draft \"as initiated\", the legislation draft \"after 1st reading\", the final version of the legislation draft.
A27: =CONCATENATE($B$7,":",B27) -> eli-dl:AmendmentToDraftLegislationWork | B27: AmendmentToDraftLegislationWork | C27: owl:Class | D27: eli-dl:LegislativeProcessWork | E27: Amendment to draft legislation work | F27: An amendment created to amend a specific version of a legislation draft. Amendments can be described and published even if they are not yet voted, or even if they were rejected. This is meant to identify both a single amendment, or a document containing a list of amendments. To describe a document containing a list of amendments, the relation has_part can be used between the instance of AmendmentToDraftLegislationWork identifying the amendment list and each instance of AmendmentToDraftLegislationWork that identifies an individual amendment within the list.
A28: Table definitions
A29: =CONCATENATE($B$7,":",B29) -> eli-dl:ProcessStatus | B29: ProcessStatus | C29: owl:Class | D29: crm:E55_Type, skos:Concept | E29: Status of a legislative process | F29: The overall status of a legislative process. ELI-DL provides 3 possible values : Ongoing, Successful, or Abandonned. Other values can be defined by implementors.
A30: =CONCATENATE($B$7,":",B30) -> eli-dl:LegislativeProcessWorkVersion | B30: LegislativeProcessWorkVersion | C30: owl:Class | D30: crm:E55_Type, skos:Concept | E30: Version of a legislative process work | F30: The version of a legislative process document. For example an amendment can be in a drafted (prepatory) status, before being tabled (final). ELI-DL provides 2 possible values : Preparatory and Final. Other values can be defined by implementors, to refine e.g. the possible statuses of a an amendment, an opinition, etC.
A31: =CONCATENATE($B$7,":",B31) -> eli-dl:ProcessStage | B31: ProcessStage | C31: owl:Class | D31: crm:E55_Type, skos:Concept | E31: Stage of a (legislative) process | F31: A stage in a workflow. Stages can be described at an arbitrary level of granularity. Possible values need to be described by each Member State depending on its workflow. Example : \"Dàil second stage\", \"1ère lecture\", \"examen en commission\", etc.
A32: =CONCATENATE($B$7,":",B32) -> eli-dl:ProcessType | B32: ProcessType | C32: owl:Class | D32: eli-dl:ActivityType | E32: Type of a legislative process | F32: A possible type for a legislative process.
A33: =CONCATENATE($B$7,":",B33) -> eli-dl:LegislativeProcessWorkType | B33: LegislativeProcessWorkType | C33: owl:Class | D33: crm:E55_Type, skos:Concept | E33: Type of a legislative process work | F33: A possible type for a legislative projcet work.
A34: =CONCATENATE($B$7,":",B34) -> eli-dl:ParliamentaryTerm | B34: ParliamentaryTerm | C34: owl:Class | D34: crm:E55_Type, skos:Concept | E34: Parliamentary term | F34: A parliamentary term, e.g. "ninth legislature"
A35: =CONCATENATE($B$7,":",B35) -> eli-dl:ActivityType | B35: ActivityType | C35: owl:Class | D35: crm:E55_Type, skos:Concept | E35: Type of an activity | F35: The type of an activity, e.g. "Reading", "Committee meeting", "Economic and social committee meeting", etc.
A36: =CONCATENATE($B$7,":",B36) -> eli-dl:ParticipationRole | B36: ParticipationRole | C36: owl:Class | D36: crm:E55_Type, skos:Concept | E36: Role of an Agent in a Participation | F36: The role of an Agent in a Participation, e.g. "Rapporteur", "Shadow Rapporteur", etc.
A37: =CONCATENATE($B$7,":",B37) -> eli-dl:DecisionOutcome | B37: DecisionOutcome | C37: owl:Class | D37: crm:E55_Type, skos:Concept | E37: Decision outcome | F37: The possible outcomes of a decision. ELI-DL defines a simple list of possible values that can be extended by implementations | G37: [ a owl:Restriction ; owl:onProperty skos:inScheme ; owl:hasValue eli-dl:DecisionOutcomeTable ]
A38: =CONCATENATE($B$7,":",B38) -> eli-dl:DecisionMethod | B38: DecisionMethod | C38: owl:Class | D38: crm:E55_Type, skos:Concept | E38: Decision method | F38: A method to carry out a decision; the way a decision was made.

Sheet ELI-DL Properties
A1: Ontology IRI | B1: ='ELI-DL Classes'!B1 -> http://data.europa.eu/eli/eli-draft-legislation-ontology#
B3: URI | C3: Applicable to (domain) | D3: Allowed values (range) | E3: Card. | F3: based on (superproperty) | G3: Label | H3: Inverse of | I3: Description
A4: URI | B4: dc:identifier | C4: rdfs:domain | D4: rdfs:range | E4: cardinalities | F4: rdfs:subPropertyOf(separator=",") | G4: rdfs:label@en | H4: owl:inverseOf(lookupColumn="dc:identifier") | I4: rdfs:comment@en | J4: rdf:type | K4: rdf:type | L4: rdfs:subClassOf(subjectColumn="C") | M4: owl:deprecated^^xsd:boolean | N4: owl:equivalentProperty
A5: Process Description
A6: =CONCATENATE('ELI-DL Classes'!$B$7,":",B6) -> eli-dl:process_title | B6: process_title | C6: eli-dl:Process | D6: xsd:string | E6: 0..* | F6: eli-dl:activity_label | G6: legislative process title | I6: The name or title of a process. Example : \"Forestry (Planning Permission) (Amendment) Bill 2018\", \"Sports : organisation des jeux Olympiques et Paralympiques 2024\". | J6: =IF(LEFT(D6,3)="xsd","owl:DatatypeProperty",IF(D6 = "","","owl:ObjectProperty")) -> owl:DatatypeProperty | K6: =IF(RIGHT(E6,1)="1","owl:FunctionalProperty","") | L6: =IF(OR(LEFT(E6,1)="1",RIGHT(E6,1)="1"),CONCATENATE("[ a owl:Restriction ; owl:onProperty ",A6," ;",IF(LEFT(E6,1)="1","owl:minCardinality 1;",""),IF(RIGHT(E6,1)="1","owl:maxCardinality 1;",""),"]"),"")
A7: =CONCATENATE('ELI-DL Classes'!$B$7,":",B7) -> eli-dl:process_id | B7: process_id | C7: eli-dl:Process | D7: xsd:string | E7: 0..* | F7: eli-dl:activity_id | G7: legislative process id | I7: An identifier for the process. This is meant to capture how the process is identified by law makers. A process can have multiple identifiers for different institutions, e.g. an identifier for the government, and an identifier for the parliament. Note that a subproperty process_external_id exists to capture the identifier of another institution, depending on the point of view. | J7: =IF(LEFT(D7,3)="xsd","owl:DatatypeProperty",IF(D7 = "","","owl:ObjectProperty")) -> owl:DatatypeProperty | K7: =IF(RIGHT(E7,1)="1","owl:FunctionalProperty","") | L7: =IF(OR(LEFT(E7,1)="1",RIGHT(E7,1)="1"),CONCATENATE("[ a owl:Restriction ; owl:onProperty ",A7," ;",IF(LEFT(E7,1)="1","owl:minCardinality 1;",""),IF(RIGHT(E7,1)="1","owl:maxCardinality 1;",""),"]"),"")
A8: =CONCATENATE('ELI-DL Classes'!$B$7,":",B8) -> eli-dl:process_description | B8: process_description | C8: eli-dl:Process | D8: xsd:string | E8: 0..* | F8: crm:P3_has_note | G8: legislative process description | I8: An account or summary for the process. | J8: =IF(LEFT(D8,3)="xsd","owl:DatatypeProperty",IF(D8 = "","","owl:ObjectProperty")) -> owl:DatatypeProperty | K8: =IF(RIGHT(E8,1)="1","owl:FunctionalProperty","") | L8: =IF(OR(LEFT(E8,1)="1",RIGHT(E8,1)="1"),CONCATENATE("[ a owl:Restriction ; owl:onProperty ",A8," ;",IF(LEFT(E8,1)="1","owl:minCardinality 1;",""),IF(RIGHT(E8,1)="1","owl:maxCardinality 1;",""),"]"),"")
A9: =CONCATENATE('ELI-DL Classes'!$B$7,":",B9) -> eli-dl:process_number | B9: process_number | C9: eli-dl:Process | D9: xsd:string | E9: 0..1 | G9: legislative process number | I9: The number under which a process is known by the public. A process has only one number. | J9: =IF(LEFT(D9,3)="xsd","owl:DatatypeProperty",IF(D9 = "","","owl:ObjectProperty")) -> owl:DatatypeProperty | K9: =IF(RIGHT(E9,1)="1","owl:FunctionalProperty","") -> owl:FunctionalProperty | L9: =IF(OR(LEFT(E9,1)="1",RIGHT(E9,1)="1"),CONCATENATE("[ a owl:Restriction ; owl:onProperty ",A9," ;",IF(LEFT(E9,1)="1","owl:minCardinality 1;",""),IF(RIGHT(E9,1)="1","owl:maxCardinality 1;",""),"]"),"") -> [ a owl:Restriction ; owl:onProperty eli-dl:process_number ;owl:maxCardinality 1;]
A10: =CONCATENATE('ELI-DL Classes'!$B$7,":",B10) -> eli-dl:process_status | B10: process_status | C10: eli-dl:Process | D10: eli-dl:ProcessStatus | E10: 0..* | F10: crm:P2_has_type | G10: legislative process status | I10: The status of a process, in one of the possible values included in this model. | J10: =IF(LEFT(D10,3)="xsd","owl:DatatypeProperty",IF(D10 = "","","owl:ObjectProperty")) -> owl:ObjectProperty | K10: =IF(RIGHT(E10,1)="1","owl:FunctionalProperty","") | L10: =IF(OR(LEFT(E10,1)="1",RIGHT(E10,1)="1"),CONCATENATE("[ a owl:Restriction ; owl:onProperty ",A10," ;",IF(LEFT(E10,1)="1","owl:minCardinality 1;",""),IF(RIGHT(E10,1)="1","owl:maxCardinality 1;",""),"]"),"")
A11: =CONCATENATE('ELI-DL Classes'!$B$7,":",B11) -> eli-dl:process_type | B11: process_type | C11: eli-dl:Process | D11: eli-dl:ProcessType | E11: 0..* | F11: eli-dl:had_activity_type | G11: legislative process type | I11: The type of a process. The type of a process often determine the workflow being followed to create the law. The list of possible values need to be defined by each Member State. Example : \"Projet de loi\", \"Proposition de loi\", \"Revision of the Constitution\", \"Public Bill\". | J11: =IF(LEFT(D11,3)="xsd","owl:DatatypeProperty",IF(D11 = "","","owl:ObjectProperty")) -> owl:ObjectProperty | K11: =IF(RIGHT(E11,1)="1","owl:FunctionalProperty","") | L11: =IF(OR(LEFT(E11,1)="1",RIGHT(E11,1)="1"),CONCATENATE("[ a owl:Restriction ; owl:onProperty ",A11," ;",IF(LEFT(E11,1)="1","owl:minCardinality 1;",""),IF(RIGHT(E11,1)="1","owl:maxCardinality 1;",""),"]"),"")
A12: =CONCATENATE('ELI-DL Classes'!$B$7,":",B12) -> eli-dl:process_keyword | B12: process_keyword | C12: eli-dl:Process | D12: skos:Concept | E12: 0..* | F12: crm:P129_is_about | G12: legislative process keyword | I12: The keywords, subject or categories for a process. Example : Procedure 2016/0382/COD has Eurovoc keywords energy consumption, atmospheric pollution, renewable resources, EU programme, environmental cooperation, greenhouse gas, reduction of gas emissions, energy saving and renewable energy. | J12: =IF(LEFT(D12,3)="xsd","owl:DatatypeProperty",IF(D12 = "","","owl:ObjectProperty")) -> owl:ObjectProperty | K12: =IF(RIGHT(E12,1)="1","owl:FunctionalProperty","") | L12: =IF(OR(LEFT(E12,1)="1",RIGHT(E12,1)="1"),CONCATENATE("[ a owl:Restriction ; owl:onProperty ",A12," ;",IF(LEFT(E12,1)="1","owl:minCardinality 1;",""),IF(RIGHT(E12,1)="1","owl:maxCardinality 1;",""),"]"),"")
A13: =CONCATENATE('ELI-DL Classes'!$B$7,":",B13) -> eli-dl:foreseen_date_of_adoption | B13: foreseen_date_of_adoption | C13: eli-dl:LegislativeProcess | D13: xsd:date | E13: 0..1 | G13: foreseen date of adoption | I13: The date at which the process is expected to be enacted to become an official act. | J13: =IF(LEFT(D13,3)="xsd","owl:DatatypeProperty",IF(D13 = "","","owl:ObjectProperty")) -> owl:DatatypeProperty | K13: =IF(RIGHT(E13,1)="1","owl:FunctionalProperty","") -> owl:FunctionalProperty | L13: =IF(OR(LEFT(E13,1)="1",RIGHT(E13,1)="1"),CONCATENATE("[ a owl:Restriction ; owl:onProperty ",A13," ;",IF(LEFT(E13,1)="1","owl:minCardinality 1;",""),IF(RIGHT(E13,1)="1","owl:maxCardinality 1;",""),"]"),"") -> [ a owl:Restriction ; owl:onProperty eli-dl:foreseen_date_of_adoption ;owl:maxCardinality 1;]
A14: =CONCATENATE('ELI-DL Classes'!$B$7,":",B14) -> eli-dl:foreseen_type_document | B14: foreseen_type_document | C14: eli-dl:LegislativeProcess | D14: eli:ResourceType | E14: 0..* | G14: foreseen type of document | I14: Indicates the expected type of the legislation that will be the result of this legislative process. The expected type of legislation can change over time. The value must be taken in the ResourceType table, already used for the eli:type_document property. | J14: =IF(LEFT(D14,3)="xsd","owl:DatatypeProperty",IF(D14 = "","","owl:ObjectProperty")) -> owl:ObjectProperty | K14: =IF(RIGHT(E14,1)="1","owl:FunctionalProperty","") | L14: =IF(OR(LEFT(E14,1)="1",RIGHT(E14,1)="1"),CONCATENATE("[ a owl:Restriction ; owl:onProperty ",A14," ;",IF(LEFT(E14,1)="1","owl:minCardinality 1;",""),IF(RIGHT(E14,1)="1","owl:maxCardinality 1;",""),"]"),"")
A15: =CONCATENATE('ELI-DL Classes'!$B$7,":",B15) -> eli-dl:date_last_update | B15: date_last_update | C15: eli-dl:Process | D15: xsd:date | E15: 0..1 | G15: date of last update | I15: The date at which the process was last updated. A legislative process can have at most one value for this property. | J15: =IF(LEFT(D15,3)="xsd","owl:DatatypeProperty",IF(D15 = "","","owl:ObjectProperty")) -> owl:DatatypeProperty | K15: =IF(RIGHT(E15,1)="1","owl:FunctionalProperty","") -> owl:FunctionalProperty | L15: =IF(OR(LEFT(E15,1)="1",RIGHT(E15,1)="1"),CONCATENATE("[ a owl:Restriction ; owl:onProperty ",A15," ;",IF(LEFT(E15,1)="1","owl:minCardinality 1;",""),IF(RIGHT(E15,1)="1","owl:maxCardinality 1;",""),"]"),"") -> [ a owl:Restriction ; owl:onProperty eli-dl:date_last_update ;owl:maxCardinality 1;]
A16: =CONCATENATE('ELI-DL Classes'!$B$7,":",B16) -> eli-dl:latest_activity | B16: latest_activity | C16: eli-dl:Process | D16: eli-dl:Activity | E16: 0..* | F16: eli-dl:consists_of | G16: latest activity | I16: Indicates the latest activity that took place within a process. This is used to indicate to a reader the latest stage of a process. Depending on the point of view, this can be used to point to the ongoing activity (not finished yet), or to the latest activity that actually completed. | J16: =IF(LEFT(D16,3)="xsd","owl:DatatypeProperty",IF(D16 = "","","owl:ObjectProperty")) -> owl:ObjectProperty | K16: =IF(RIGHT(E16,1)="1","owl:FunctionalProperty","") | L16: =IF(OR(LEFT(E16,1)="1",RIGHT(E16,1)="1"),CONCATENATE("[ a owl:Restriction ; owl:onProperty ",A16," ;",IF(LEFT(E16,1)="1","owl:minCardinality 1;",""),IF(RIGHT(E16,1)="1","owl:maxCardinality 1;",""),"]"),"")
A17: =CONCATENATE('ELI-DL Classes'!$B$7,":",B17) -> eli-dl:current_stage | B17: current_stage | C17: eli-dl:Process | D17: eli-dl:ProcessStage | E17: 0..* | F17: crm:P2_has_type | G17: current stage | I17: The latest stage in which a process is currently in. This is a shortcut for the full path Process latest_activity Activity occured_at_stage ProcessStage. Example : Bill 105 of 2019 is currently in stage \"Seanad Éireann, Second Stage\". | J17: =IF(LEFT(D17,3)="xsd","owl:DatatypeProperty",IF(D17 = "","","owl:ObjectProperty")) -> owl:ObjectProperty | K17: =IF(RIGHT(E17,1)="1","owl:FunctionalProperty","") | L17: =IF(OR(LEFT(E17,1)="1",RIGHT(E17,1)="1"),CONCATENATE("[ a owl:Restriction ; owl:onProperty ",A17," ;",IF(LEFT(E17,1)="1","owl:minCardinality 1;",""),IF(RIGHT(E17,1)="1","owl:maxCardinality 1;",""),"]"),"")
A18: =CONCATENATE('ELI-DL Classes'!$B$7,":",B18) -> eli-dl:created_a_realization_of_legal_resource | B18: created_a_realization_of_legal_resource | C18: eli-dl:LegislativeActivity | D18: eli:LegalResource | E18: 0..* | F18: eli-dl:involved_work, frbroo:R19_created_a_realization_of | G18: created a realization of legal resource | I18: Indicates a LegalResource that is officialy published as part of the legislative activity. This is used to indicate the outcome of a LegislativeProcess, as well as other \"intermediate\" legal resources that may be published in the course of the legislation drafting. | J18: =IF(LEFT(D18,3)="xsd","owl:DatatypeProperty",IF(D18 = "","","owl:ObjectProperty")) -> owl:ObjectProperty | K18: =IF(RIGHT(E18,1)="1","owl:FunctionalProperty","") | L18: =IF(OR(LEFT(E18,1)="1",RIGHT(E18,1)="1"),CONCATENATE("[ a owl:Restriction ; owl:onProperty ",A18," ;",IF(LEFT(E18,1)="1","owl:minCardinality 1;",""),IF(RIGHT(E18,1)="1","owl:maxCardinality 1;",""),"]"),"")
A19: =CONCATENATE('ELI-DL Classes'!$B$7,":",B19) -> eli-dl:created_legal_expression | B19: created_legal_expression | C19: eli-dl:LegislativeActivity | D19: eli:LegalExpression | E19: 0..* | F19: eli-dl:created_expression | G19: created legal expression | I19: Indicates that a legislative activity created the a legal expression. Typically, a legislative process created the final legal expression of the legislation, as published in the OJ; but this can be used on legislative activities to link to \"intermediate\" expressions. This property is mostly here for compatibility with FRBRoo, but implementations would prefer using created_a_realization_of_legal_resource to link to the Work level. This could indicate that some Expressions of the final LegalResource were created by the legislative process, and some others were translated afterwards. | J19: =IF(LEFT(D19,3)="xsd","owl:DatatypeProperty",IF(D19 = "","","owl:ObjectProperty")) -> owl:ObjectProperty | K19: =IF(RIGHT(E19,1)="1","owl:FunctionalProperty","") | L19: =IF(OR(LEFT(E19,1)="1",RIGHT(E19,1)="1"),CONCATENATE("[ a owl:Restriction ; owl:onProperty ",A19," ;",IF(LEFT(E19,1)="1","owl:minCardinality 1;",""),IF(RIGHT(E19,1)="1","owl:maxCardinality 1;",""),"]"),"")
A20: =CONCATENATE('ELI-DL Classes'!$B$7,":",B20) -> eli-dl:is_subject_of | B20: is_subject_of | C20: eli-dl:Process | D20: owl:Thing | E20: 0..* | F20: crm:P129i_is_subject_of | G20: is subject of | I20: A webpage or resource that describe a process. This property is meant to crosslink the websites of different institutions that describe the same legislative process. Example : the page of the legislation process in the OJ website, the page of the process in the Senate website, the page of the process in the State Council website. | J20: =IF(LEFT(D20,3)="xsd","owl:DatatypeProperty",IF(D20 = "","","owl:ObjectProperty")) -> owl:ObjectProperty | K20: =IF(RIGHT(E20,1)="1","owl:FunctionalProperty","") | L20: =IF(OR(LEFT(E20,1)="1",RIGHT(E20,1)="1"),CONCATENATE("[ a owl:Restriction ; owl:onProperty ",A20," ;",IF(LEFT(E20,1)="1","owl:minCardinality 1;",""),IF(RIGHT(E20,1)="1","owl:maxCardinality 1;",""),"]"),"")
A21: =CONCATENATE('ELI-DL Classes'!$B$7,":",B21) -> eli-dl:was_submitted_by | B21: was_submitted_by | C21: eli-dl:Process | D21: eli:Agent | E21: 0..* | F21: crm:P11_had_participant, crm:P17_was_motivated_by | G21: was submitted by | I21: Indicates the organization or person that submitted a process to the parliament (this could be the government, the President, the Senate, a group of members of the parliament, a parliamentary committee, a group of citizens, etc.). | J21: =IF(LEFT(D21,3)="xsd","owl:DatatypeProperty",IF(D21 = "","","owl:ObjectProperty")) -> owl:ObjectProperty | K21: =IF(RIGHT(E21,1)="1","owl:FunctionalProperty","") | L21: =IF(OR(LEFT(E21,1)="1",RIGHT(E21,1)="1"),CONCATENATE("[ a owl:Restriction ; owl:onProperty ",A21," ;",IF(LEFT(E21,1)="1","owl:minCardinality 1;",""),IF(RIGHT(E21,1)="1","owl:maxCardinality 1;",""),"]"),"")
A22: =CONCATENATE('ELI-DL Classes'!$B$7,":",B22) -> eli-dl:transposition_deadline | B22: transposition_deadline | C22: eli-dl:TranspositionProcess | D22: xsd:date | E22: 0..* | G22: has transposition deadline | I22: The deadline for the transposition of the directive. | J22: =IF(LEFT(D22,3)="xsd","owl:DatatypeProperty",IF(D22 = "","","owl:ObjectProperty")) -> owl:DatatypeProperty | K22: =IF(RIGHT(E22,1)="1","owl:FunctionalProperty","") | L22: =IF(OR(LEFT(E22,1)="1",RIGHT(E22,1)="1"),CONCATENATE("[ a owl:Restriction ; owl:onProperty ",A22," ;",IF(LEFT(E22,1)="1","owl:minCardinality 1;",""),IF(RIGHT(E22,1)="1","owl:maxCardinality 1;",""),"]"),"")
A23: Activity Description
A24: =CONCATENATE('ELI-DL Classes'!$B$7,":",B24) -> eli-dl:activity_label | B24: activity_label | C24: eli-dl:Activity | D24: xsd:string | E24: 0..* | G24: activity label | I24: A label on the activity, describing what is being carried out. | J24: =IF(LEFT(D24,3)="xsd","owl:DatatypeProperty",IF(E24 = "","","owl:ObjectProperty")) -> owl:DatatypeProperty | K24: =IF(RIGHT(E24,1)="1","owl:FunctionalProperty","") | L24: =IF(OR(LEFT(E24,1) = "1",RIGHT(E24,1) = "1"),CONCATENATE("[ a owl:Restriction ; owl:onProperty ",A24," ;", IF(LEFT(E24,1) = "1","owl:minCardinality 1;",""), IF(RIGHT(E24,1) = "1","owl:maxCardinality 1;",""), "]"),"")
A25: =CONCATENATE('ELI-DL Classes'!$B$7,":",B25) -> eli-dl:activity_date | B25: activity_date | C25: eli-dl:Activity | D25: [ a rdfs:Datatype; owl:unionOf (xsd:date xsd:dateTime) ] | E25: 0..* | G25: activity date | I25: The date of an activity, to indicate a single date. Alternatively, if an activity spans a time range, \"activity_start_date\" and \"activity_end_date\" can be used to indicate the beginning and end of the activity. Dates can be expressed either at a date precision (yyyy-mm-dd), or with time precision (yyyy-dd-mmYhh:mm:ss) | J25: owl:DatatypeProperty | K25: =IF(RIGHT(E25,1)="1","owl:FunctionalProperty","") | L25: =IF(OR(LEFT(E25,1)="1",RIGHT(E25,1)="1"),CONCATENATE("[ a owl:Restriction ; owl:onProperty ",A25," ;",IF(LEFT(E25,1)="1","owl:minCardinality 1;",""),IF(RIGHT(E25,1)="1","owl:maxCardinality 1;",""),"]"),"")
A26: =CONCATENATE('ELI-DL Classes'!$B$7,":",B26) -> eli-dl:activity_start_date | B26: activity_start_date | C26: eli-dl:Activity | D26: [ a rdfs:Datatype; owl:unionOf (xsd:date xsd:dateTime) ] | E26: 0..1 | G26: activity start date | I26: The date at which an activity started. Dates can be expressed either at a date precision (yyyy-mm-dd), or with time precision (yyyy-dd-mmYhh:mm:ss) | J26: owl:DatatypeProperty | K26: =IF(RIGHT(E26,1)="1","owl:FunctionalProperty","") -> owl:FunctionalProperty | L26: =IF(OR(LEFT(E26,1)="1",RIGHT(E26,1)="1"),CONCATENATE("[ a owl:Restriction ; owl:onProperty ",A26," ;",IF(LEFT(E26,1)="1","owl:minCardinality 1;",""),IF(RIGHT(E26,1)="1","owl:maxCardinality 1;",""),"]"),"") -> [ a owl:Restriction ; owl:onProperty eli-dl:activity_start_date ;owl:maxCardinality 1;]
A27: =CONCATENATE('ELI-DL Classes'!$B$7,":",B27) -> eli-dl:activity_end_date | B27: activity_end_date | C27: eli-dl:Activity | D27: [ a rdfs:Datatype; owl:unionOf (xsd:date xsd:dateTime) ] | E27: 0..1 | G27: activity end date | I27: The date at which an activity ended. Dates can be expressed either at a date precision (yyyy-mm-dd), or with time precision (yyyy-dd-mmYhh:mm:ss) | J27: owl:DatatypeProperty | K27: =IF(RIGHT(E27,1)="1","owl:FunctionalProperty","") -> owl:FunctionalProperty | L27: =IF(OR(LEFT(E27,1)="1",RIGHT(E27,1)="1"),CONCATENATE("[ a owl:Restriction ; owl:onProperty ",A27," ;",IF(LEFT(E27,1)="1","owl:minCardinality 1;",""),IF(RIGHT(E27,1)="1","owl:maxCardinality 1;",""),"]"),"") -> [ a owl:Restriction ; owl:onProperty eli-dl:activity_end_date ;owl:maxCardinality 1;]
A28: =CONCATENATE('ELI-DL Classes'!$B$7,":",B28) -> eli-dl:activity_id | B28: activity_id | C28: eli-dl:Activity | D28: xsd:string | E28: 0..1 | G28: activity id | I28: An identifier fot the activity. | J28: =IF(LEFT(D28,3)="xsd","owl:DatatypeProperty",IF(E28 = "","","owl:ObjectProperty")) -> owl:DatatypeProperty | K28: =IF(RIGHT(E28,1)="1","owl:FunctionalProperty","") -> owl:FunctionalProperty | L28: =IF(OR(LEFT(E28,1)="1",RIGHT(E28,1)="1"),CONCATENATE("[ a owl:Restriction ; owl:onProperty ",A28," ;",IF(LEFT(E28,1)="1","owl:minCardinality 1;",""),IF(RIGHT(E28,1)="1","owl:maxCardinality 1;",""),"]"),"") -> [ a owl:Restriction ; owl:onProperty eli-dl:activity_id ;owl:maxCardinality 1;]
A29: =CONCATENATE('ELI-DL Classes'!$B$7,":",B29) -> eli-dl:activity_order | B29: activity_order | C29: eli-dl:Activity | D29: xsd:decimal | E29: 0..1 | G29: activity order | I29: Indicates the order of this activity in a sequence of activities. Note that the range of this property is xsd:decimal, so it is always possible to order a new activity in between two subsequent existing activities. | J29: =IF(LEFT(D29,3)="xsd","owl:DatatypeProperty",IF(E29="","","owl:ObjectProperty")) -> owl:DatatypeProperty | K29: =IF(RIGHT(E29,1)="1","owl:FunctionalProperty","") -> owl:FunctionalProperty | L29: =IF(OR(LEFT(E29,1)="1",RIGHT(E29,1)="1"),CONCATENATE("[ a owl:Restriction ; owl:onProperty ",A29," ;",IF(LEFT(E29,1)="1","owl:minCardinality 1;",""),IF(RIGHT(E29,1)="1","owl:maxCardinality 1;",""),"]"),"") -> [ a owl:Restriction ; owl:onProperty eli-dl:activity_order ;owl:maxCardinality 1;]
A30: =CONCATENATE('ELI-DL Classes'!$B$7,":",B30) -> eli-dl:had_activity_type | B30: had_activity_type | C30: eli-dl:Activity | D30: eli-dl:ActivityType | E30: 0..1 | G30: had activity type | I30: The type of an activity. The list of possible values need to be defined by each Member State. Example : "Committe meeting", "Plenary Session", "Committee Vote", "Opinion request", etc. | J30: =IF(LEFT(D30,3)="xsd","owl:DatatypeProperty",IF(E30 = "","","owl:ObjectProperty")) -> owl:ObjectProperty | K30: =IF(RIGHT(E30,1)="1","owl:FunctionalProperty","") -> owl:FunctionalProperty | L30: =IF(OR(LEFT(E30,1)="1",RIGHT(E30,1)="1"),CONCATENATE("[ a owl:Restriction ; owl:onProperty ",A30," ;",IF(LEFT(E30,1)="1","owl:minCardinality 1;",""),IF(RIGHT(E30,1)="1","owl:maxCardinality 1;",""),"]"),"") -> [ a owl:Restriction ; owl:onProperty eli-dl:had_activity_type ;owl:maxCardinality 1;]
A31: =CONCATENATE('ELI-DL Classes'!$B$7,":",B31) -> eli-dl:parliamentary_term | B31: parliamentary_term | C31: [a owl:Class; owl:unionOf (eli-dl:Activity eli:Work)] | D31: eli-dl:ParliamentaryTerm | E31: 0..1 | G31: parliamentary term | I31: The parliamentary term in which the activity took place | J31: =IF(LEFT(D31,3)="xsd","owl:DatatypeProperty",IF(E31 = "","","owl:ObjectProperty")) -> owl:ObjectProperty | K31: =IF(RIGHT(E31,1)="1","owl:FunctionalProperty","") -> owl:FunctionalProperty
A32: =CONCATENATE('ELI-DL Classes'!$B$7,":",B32) -> eli-dl:occured_at_stage | B32: occured_at_stage | C32: eli-dl:Activity | D32: eli-dl:ProcessStage | E32: 0..* | F32: crm:P2_has_type | G32: occured at stage | I32: The stage at which an activity occured. The description of the stages themselves is left open for implementers. Example : The activity \"Presentation of Bill 78 of 2018\" corresponds to stage \"Presentation to the House\". The activity \"1ère lecture - Examen en commission du projet de loi 323\" corresponds to stage \"Examen en commission\". | J32: =IF(LEFT(D32,3)="xsd","owl:DatatypeProperty",IF(E32 = "","","owl:ObjectProperty")) -> owl:ObjectProperty | K32: =IF(RIGHT(E32,1)="1","owl:FunctionalProperty","") | L32: =IF(OR(LEFT(E32,1)="1",RIGHT(E32,1)="1"),CONCATENATE("[ a owl:Restriction ; owl:onProperty ",A32," ;",IF(LEFT(E32,1)="1","owl:minCardinality 1;",""),IF(RIGHT(E32,1)="1","owl:maxCardinality 1;",""),"]"),"")
A33: =CONCATENATE('ELI-DL Classes'!$B$7,":",B33) -> eli-dl:had_legal_basis | B33: had_legal_basis | C33: eli-dl:Activity | D33: eli:LegalResource | E33: 0..* | F33: crm:P33_used_specific_technique | G33: had legal basis | I33: Indicates an act that specified the legislative workflow in which this activity takes place. Example : \"The Signature by the President of the European Parliament and the President of the Council of Procedure 2016/0382/COD had the legal basis TFEU/art 294 and TFEU/art 194 par 2\". | J33: =IF(LEFT(D33,3)="xsd","owl:DatatypeProperty",IF(E33 = "","","owl:ObjectProperty")) -> owl:ObjectProperty | K33: =IF(RIGHT(E33,1)="1","owl:FunctionalProperty","") | L33: =IF(OR(LEFT(E33,1)="1",RIGHT(E33,1)="1"),CONCATENATE("[ a owl:Restriction ; owl:onProperty ",A33," ;",IF(LEFT(E33,1)="1","owl:minCardinality 1;",""),IF(RIGHT(E33,1)="1","owl:maxCardinality 1;",""),"]"),"")
A34: =CONCATENATE('ELI-DL Classes'!$B$7,":",B34) -> eli-dl:forms_part_of | B34: forms_part_of | C34: eli-dl:Activity | D34: eli-dl:Activity | E34: 0..* | F34: crm:P9i_forms_part_of | G34: forms part of | H34: consists_of | I34: Indicates another larger activity that encompasses this one. Example : the activity \"Readng in commission of legislative process 384\" forms part of \"First lecture in assemblée nationale of legislative process 384\", which itself forms part \"Legislative process number 384\". | J34: =IF(LEFT(D34,3)="xsd","owl:DatatypeProperty",IF(E34 = "","","owl:ObjectProperty")) -> owl:ObjectProperty | K34: =IF(RIGHT(E34,1)="1","owl:FunctionalProperty","") | L34: =IF(OR(LEFT(E34,1)="1",RIGHT(E34,1)="1"),CONCATENATE("[ a owl:Restriction ; owl:onProperty ",A34," ;",IF(LEFT(E34,1)="1","owl:minCardinality 1;",""),IF(RIGHT(E34,1)="1","owl:maxCardinality 1;",""),"]"),"")
A35: =CONCATENATE('ELI-DL Classes'!$B$7,":",B35) -> eli-dl:consists_of | B35: consists_of | C35: eli-dl:Activity | D35: eli-dl:Activity | E35: 0..* | F35: crm:P9_consists_of | G35: consists of | H35: forms_part_of | I35: Indicates a more fine-grained activity that is taking place within this one. This allows to nest activities inside each other, at an arbitrary level of precision. Example : \"Legislative process number 384\" consists of \"Initiation of the process 384\", \"First lecture in assemblée nationale of legislative process 384\", \"First lecture in senate of legislative process 384\", \"joint commitee reading of legislative process 384\" and \"enactement of legislative process 384\". | J35: =IF(LEFT(D35,3)="xsd","owl:DatatypeProperty",IF(E35 = "","","owl:ObjectProperty")) -> owl:ObjectProperty | K35: =IF(RIGHT(E35,1)="1","owl:FunctionalProperty","") | L35: =IF(OR(LEFT(E35,1)="1",RIGHT(E35,1)="1"),CONCATENATE("[ a owl:Restriction ; owl:onProperty ",A35," ;",IF(LEFT(E35,1)="1","owl:minCardinality 1;",""),IF(RIGHT(E35,1)="1","owl:maxCardinality 1;",""),"]"),"")
A36: =CONCATENATE('ELI-DL Classes'!$B$7,":",B36) -> eli-dl:motivated | B36: motivated | C36: eli-dl:Activity | D36: eli-dl:Activity | E36: 0..* | F36: crm:P17i_motivated | G36: motivated | H36: was_motivated_by | I36: Annother activity that was \"triggered\" or \"logically followed\" this one. Example : the request for an opinion motivated the writing of an opinion. | J36: =IF(LEFT(D36,3)="xsd","owl:DatatypeProperty",IF(E36 = "","","owl:ObjectProperty")) -> owl:ObjectProperty | K36: =IF(RIGHT(E36,1)="1","owl:FunctionalProperty","") | L36: =IF(OR(LEFT(E36,1)="1",RIGHT(E36,1)="1"),CONCATENATE("[ a owl:Restriction ; owl:onProperty ",A36," ;",IF(LEFT(E36,1)="1","owl:minCardinality 1;",""),IF(RIGHT(E36,1)="1","owl:maxCardinality 1;",""),"]"),"")
A37: =CONCATENATE('ELI-DL Classes'!$B$7,":",B37) -> eli-dl:was_motivated_by | B37: was_motivated_by | C37: eli-dl:Activity | D37: eli-dl:Activity | E37: 0..* | F37: crm:P17_was_motivated_by | G37: was motivated by | H37: motivated | I37: Another activity that \"triggered\" or \"logically preceded\" this activity. Example : the writing of an opinion was motivated by the transmission of a request for an opinion by the legislation service. | J37: =IF(LEFT(D37,3)="xsd","owl:DatatypeProperty",IF(E37 = "","","owl:ObjectProperty")) -> owl:ObjectProperty | K37: =IF(RIGHT(E37,1)="1","owl:FunctionalProperty","") | L37: =IF(OR(LEFT(E37,1)="1",RIGHT(E37,1)="1"),CONCATENATE("[ a owl:Restriction ; owl:onProperty ",A37," ;",IF(LEFT(E37,1)="1","owl:minCardinality 1;",""),IF(RIGHT(E37,1)="1","owl:maxCardinality 1;",""),"]"),"")
A38: =CONCATENATE('ELI-DL Classes'!$B$7,":",B38) -> eli-dl:based_on_a_realization_of | B38: based_on_a_realization_of | C38: eli-dl:Activity | D38: eli:Work | E38: 0..* | F38: eli-dl:involved_work | G38: based on a realization of | I38: Indicates that an Activity used some Work .The works are seen as the \"input\" of the activity. Example : the work of a commitee \"used\" a specific version of the draft as input to produce an opinion document. Note : the naming \"used a realization of\" is taken from FRBRoo. Since a work is an idea, existing only in people's mind, an activity cannot be simply said to have \"used\" a work, but really \"used an expression of this work\". | J38: =IF(LEFT(D38,3)="xsd","owl:DatatypeProperty",IF(E38 = "","","owl:ObjectProperty")) -> owl:ObjectProperty | K38: =IF(RIGHT(E38,1)="1","owl:FunctionalProperty","") | L38: =IF(OR(LEFT(E38,1)="1",RIGHT(E38,1)="1"),CONCATENATE("[ a owl:Restriction ; owl:onProperty ",A38," ;",IF(LEFT(E38,1)="1","owl:minCardinality 1;",""),IF(RIGHT(E38,1)="1","owl:maxCardinality 1;",""),"]"),"")
A39: =CONCATENATE('ELI-DL Classes'!$B$7,":",B39) -> eli-dl:involved_work | B39: involved_work | C39: eli-dl:Activity | D39: eli:Work | E39: 0..* | F39: crm:P16_used_specific_object | G39: involved work | I39: Indicates that an Activity somehow used a work (document) to be conducted, without indicating how it was used. this covers both the documents used as \"input\" of the activity and also the document produced during the activity as \"output\". More precise properties exist to indicate if the works should be considered \"inputs\" or \"outputs\" of the activity. | J39: =IF(LEFT(D39,3)="xsd","owl:DatatypeProperty",IF(E39 = "","","owl:ObjectProperty")) -> owl:ObjectProperty | K39: =IF(RIGHT(E39,1)="1","owl:FunctionalProperty","") | L39: =IF(OR(LEFT(E39,1)="1",RIGHT(E39,1)="1"),CONCATENATE("[ a owl:Restriction ; owl:onProperty ",A39," ;",IF(LEFT(E39,1)="1","owl:minCardinality 1;",""),IF(RIGHT(E39,1)="1","owl:maxCardinality 1;",""),"]"),"")
A40: =CONCATENATE('ELI-DL Classes'!$B$7,":",B40) -> eli-dl:created_a_realization_of | B40: created_a_realization_of | C40: eli-dl:Activity | D40: eli:Work | E40: 0..* | F40: eli-dl:involved_work, frbroo:R19_created_a_realization_of | G40: created a realization of | I40: Indicates that an Activity created some Work . The works are seen as the \"output\" of the activity. This property is meant to point to the text of the bill, the amendments, the opinions, etc. to point to the final LegalResource published as the outcome of a legislative process, use the alternative property \"created_a_realization_of_legal_resource\". For recording of debates, which are not really \"outputs\" of the activity, use the alternative property \"recorded_in_realization_of\". Note : the naming \"created a realization of\" is taken from FRBRoo. Since a work is an idea, existing only in people's mind, an activity cannot be simply said to have \"created\" a work, but really \"created an expression of this work\". | J40: =IF(LEFT(D40,3)="xsd","owl:DatatypeProperty",IF(E40 = "","","owl:ObjectProperty")) -> owl:ObjectProperty | K40: =IF(RIGHT(E40,1)="1","owl:FunctionalProperty","") | L40: =IF(OR(LEFT(E40,1)="1",RIGHT(E40,1)="1"),CONCATENATE("[ a owl:Restriction ; owl:onProperty ",A40," ;",IF(LEFT(E40,1)="1","owl:minCardinality 1;",""),IF(RIGHT(E40,1)="1","owl:maxCardinality 1;",""),"]"),"")
A41: =CONCATENATE('ELI-DL Classes'!$B$7,":",B41) -> eli-dl:recorded_in_a_realization_of | B41: recorded_in_a_realization_of | C41: eli-dl:Activity | D41: eli:Work | E41: 0..* | G41: recorded in a realization of | I41: Indicates that an activity was recorded in a related work. Note : this property is shortcut for an implicit FRBR \"Recording Event\" that would have created the Recording of the event. | J41: =IF(LEFT(D41,3)="xsd","owl:DatatypeProperty",IF(E41 = "","","owl:ObjectProperty")) -> owl:ObjectProperty | K41: =IF(RIGHT(E41,1)="1","owl:FunctionalProperty","") | L41: =IF(OR(LEFT(E41,1)="1",RIGHT(E41,1)="1"),CONCATENATE("[ a owl:Restriction ; owl:onProperty ",A41," ;",IF(LEFT(E41,1)="1","owl:minCardinality 1;",""),IF(RIGHT(E41,1)="1","owl:maxCardinality 1;",""),"]"),"")
A42: =CONCATENATE('ELI-DL Classes'!$B$7,":",B42) -> eli-dl:recorded_in_realization_of | B42: recorded_in_realization_of | E42: 0..* | G42: recorded in realization of (deprecated) | I42: This is deprecated. Use recorded_in_a_realization_of | J42: =IF(LEFT(D42,3)="xsd","owl:DatatypeProperty",IF(E42="","","owl:ObjectProperty")) -> owl:ObjectProperty | K42: =IF(RIGHT(E42,1)="1","owl:FunctionalProperty","") | L42: =IF(OR(LEFT(E42,1)="1",RIGHT(E42,1)="1"),CONCATENATE("[ a owl:Restriction ; owl:onProperty ",A42," ;",IF(LEFT(E42,1)="1","owl:minCardinality 1;",""),IF(RIGHT(E42,1)="1","owl:maxCardinality 1;",""),"]"),"") | M42: true | N42: eli-dl:recorded_in_a_realization_of
A43: =CONCATENATE('ELI-DL Classes'!$B$7,":",B43) -> eli-dl:documented_by_a_realization_of | B43: documented_by_a_realization_of | C43: eli-dl:Activity | D43: eli:Work | E43: 0..* | F43: crm:P33_used_specific_technique | G43: documented by a realization of | I43: Indicates that the activity was or will be conducted according to the plan described by a Work. Typically these works are agendas that foreseen how future activities will take place. | J43: =IF(LEFT(D43,3)="xsd","owl:DatatypeProperty",IF(E43 = "","","owl:ObjectProperty")) -> owl:ObjectProperty | K43: =IF(RIGHT(E43,1)="1","owl:FunctionalProperty","") | L43: =IF(OR(LEFT(E43,1)="1",RIGHT(E43,1)="1"),CONCATENATE("[ a owl:Restriction ; owl:onProperty ",A43," ;",IF(LEFT(E43,1)="1","owl:minCardinality 1;",""),IF(RIGHT(E43,1)="1","owl:maxCardinality 1;",""),"]"),"")
A44: =CONCATENATE('ELI-DL Classes'!$B$7,":",B44) -> eli-dl:created_expression | B44: created_expression | C44: eli-dl:Activity | D44: eli:Expression | E44: 0..* | F44: frbroo:R17_created | G44: created expression | I44: Indicates that an activity created an Expression. This property is mostly here for compatibility with FRBRoo, but implementations would prefer using created_a_realization_of to link to the Work level. This could indicate that some Expressions of a Work were created by the activity, and some others were translated afterwards. | J44: =IF(LEFT(D44,3)="xsd","owl:DatatypeProperty",IF(E44 = "","","owl:ObjectProperty")) -> owl:ObjectProperty | K44: =IF(RIGHT(E44,1)="1","owl:FunctionalProperty","") | L44: =IF(OR(LEFT(E44,1)="1",RIGHT(E44,1)="1"),CONCATENATE("[ a owl:Restriction ; owl:onProperty ",A44," ;",IF(LEFT(E44,1)="1","owl:minCardinality 1;",""),IF(RIGHT(E44,1)="1","owl:maxCardinality 1;",""),"]"),"")
A45: =CONCATENATE('ELI-DL Classes'!$B$7,":",B45) -> eli-dl:produced_manifestation | B45: produced_manifestation | C45: eli-dl:Activity | D45: eli:Manifestation | E45: 0..* | F45: frbroo:R18_created | G45: produced manifestation | I45: Indicates that an activity created a Manifestation. This property is mostly here for compatibility with FRBRoo, but implementations would prefer using created_a_realization_of to link to the Work level. This could indicate that some Manifestation/Formats of the final LegalResource were created by the legislative process, and some others were generated afterwards. | J45: =IF(LEFT(D45,3)="xsd","owl:DatatypeProperty",IF(E45 = "","","owl:ObjectProperty")) -> owl:ObjectProperty | K45: =IF(RIGHT(E45,1)="1","owl:FunctionalProperty","") | L45: =IF(OR(LEFT(E45,1)="1",RIGHT(E45,1)="1"),CONCATENATE("[ a owl:Restriction ; owl:onProperty ",A45," ;",IF(LEFT(E45,1)="1","owl:minCardinality 1;",""),IF(RIGHT(E45,1)="1","owl:maxCardinality 1;",""),"]"),"")
A46: =CONCATENATE('ELI-DL Classes'!$B$7,":",B46) -> eli-dl:executed | B46: executed | C46: eli-dl:Activity | D46: eli-dl:ForeseenActivity | E46: 0..* | I46: The foreseen (planned) activity according to which this activity was executed. For example a meeting was executed according to the foreseen activity from the agenda. | J46: =IF(LEFT(D46,3)="xsd","owl:DatatypeProperty",IF(E46 = "","","owl:ObjectProperty")) -> owl:ObjectProperty | K46: =IF(RIGHT(E46,1)="1","owl:FunctionalProperty","") | L46: =IF(OR(LEFT(E46,1)="1",RIGHT(E46,1)="1"),CONCATENATE("[ a owl:Restriction ; owl:onProperty ",A46," ;",IF(LEFT(E46,1)="1","owl:minCardinality 1;",""),IF(RIGHT(E46,1)="1","owl:maxCardinality 1;",""),"]"),"")
A47: Foreseen Activity
A48: =CONCATENATE('ELI-DL Classes'!$B$7,":",B48) -> eli-dl:was_executed_in | B48: was_executed_in | C48: eli-dl:ForeseenActivity | D48: eli-dl:Activity | E48: 0..* | I48: The activity that executed this foreseen (planned) activity. For example a meeting agenda was executed in the meeting activity. | J48: =IF(LEFT(D48,3)="xsd","owl:DatatypeProperty",IF(E48 = "","","owl:ObjectProperty")) -> owl:ObjectProperty | K48: =IF(RIGHT(E48,1)="1","owl:FunctionalProperty","") | L48: =IF(OR(LEFT(E48,1) = "1",RIGHT(E48,1) = "1"),CONCATENATE("[ a owl:Restriction ; owl:onProperty ",A48," ;", IF(LEFT(E48,1) = "1","owl:minCardinality 1;",""), IF(RIGHT(E48,1) = "1","owl:maxCardinality 1;",""), "]"),"")
A49: Activity Description : Participants
A50: =CONCATENATE('ELI-DL Classes'!$B$7,":",B50) -> eli-dl:had_participation | B50: had_participation | C50: eli-dl:Activity | D50: eli-dl:Participation | E50: 0..* | G50: had participation | I50: The participation of an Agent in an activity | J50: =IF(LEFT(D50,3)="xsd","owl:DatatypeProperty",IF(E50 = "","","owl:ObjectProperty")) -> owl:ObjectProperty | K50: =IF(RIGHT(E50,1)="1","owl:FunctionalProperty","")
A51: =CONCATENATE('ELI-DL Classes'!$B$7,":",B51) -> eli-dl:had_participant_person | B51: had_participant_person | C51: [a owl:Class; owl:unionOf (eli-dl:Activity eli-dl:Participation)] | D51: eli:Person | E51: 0..* | F51: crm:P11_had_participant | G51: had participant person | I51: A person participating in an activity. A more precise property exists to indicate the responsible person of an activity. Example : members in a commision work, speaker during a plenary session | J51: =IF(LEFT(D51,3)="xsd","owl:DatatypeProperty",IF(E51 = "","","owl:ObjectProperty")) -> owl:ObjectProperty | K51: =IF(RIGHT(E51,1)="1","owl:FunctionalProperty","") | L51: =IF(OR(LEFT(E51,1) = "1",RIGHT(E51,1) = "1"),CONCATENATE("[ a owl:Restriction ; owl:onProperty ",A51," ;", IF(LEFT(E51,1) = "1","owl:minCardinality 1;",""), IF(RIGHT(E51,1) = "1","owl:maxCardinality 1;",""), "]"),"")
A52: =CONCATENATE('ELI-DL Classes'!$B$7,":",B52) -> eli-dl:participant_person_label | B52: participant_person_label | C52: eli-dl:Activity | D52: xsd:string | E52: 0..* | G52: participant person label | I52: The name of a person that participated in an activity. | J52: =IF(LEFT(D52,3)="xsd","owl:DatatypeProperty",IF(E52 = "","","owl:ObjectProperty")) -> owl:DatatypeProperty | K52: =IF(RIGHT(E52,1)="1","owl:FunctionalProperty","") | L52: =IF(OR(LEFT(E52,1) = "1",RIGHT(E52,1) = "1"),CONCATENATE("[ a owl:Restriction ; owl:onProperty ",A52," ;", IF(LEFT(E52,1) = "1","owl:minCardinality 1;",""), IF(RIGHT(E52,1) = "1","owl:maxCardinality 1;",""), "]"),"")
A53: =CONCATENATE('ELI-DL Classes'!$B$7,":",B53) -> eli-dl:had_participant_organization | B53: had_participant_organization | C53: [a owl:Class; owl:unionOf (eli-dl:Activity eli-dl:Participation)] | D53: eli:Organization | E53: 0..* | F53: crm:P11_had_participant | G53: had participant organization | I53: An organization participating in an activity, but not necessarily responsible for it. | J53: =IF(LEFT(D53,3)="xsd","owl:DatatypeProperty",IF(E53 = "","","owl:ObjectProperty")) -> owl:ObjectProperty | K53: =IF(RIGHT(E53,1)="1","owl:FunctionalProperty","") | L53: =IF(OR(LEFT(E53,1) = "1",RIGHT(E53,1) = "1"),CONCATENATE("[ a owl:Restriction ; owl:onProperty ",A53," ;", IF(LEFT(E53,1) = "1","owl:minCardinality 1;",""), IF(RIGHT(E53,1) = "1","owl:maxCardinality 1;",""), "]"),"")
A54: =CONCATENATE('ELI-DL Classes'!$B$7,":",B54) -> eli-dl:participant_organization_label | B54: participant_organization_label | C54: eli-dl:Activity | D54: xsd:string | E54: 0..* | G54: participant organization label | I54: The name of an organization that participated in an activity. | J54: =IF(LEFT(D54,3)="xsd","owl:DatatypeProperty",IF(E54 = "","","owl:ObjectProperty")) -> owl:DatatypeProperty | K54: =IF(RIGHT(E54,1)="1","owl:FunctionalProperty","") | L54: =IF(OR(LEFT(E54,1) = "1",RIGHT(E54,1) = "1"),CONCATENATE("[ a owl:Restriction ; owl:onProperty ",A54," ;", IF(LEFT(E54,1) = "1","owl:minCardinality 1;",""), IF(RIGHT(E54,1) = "1","owl:maxCardinality 1;",""), "]"),"")
A55: =CONCATENATE('ELI-DL Classes'!$B$7,":",B55) -> eli-dl:had_responsible_person | B55: had_responsible_person | C55: [a owl:Class; owl:unionOf (eli-dl:Activity eli-dl:Participation)] | D55: eli:Person | E55: 0..* | F55: eli-dl:had_participant_person | G55: had responsible person | I55: The responsible person of an activity. Example : the \"rapporteur\" of a text in a commision. | J55: =IF(LEFT(D55,3)="xsd","owl:DatatypeProperty",IF(E55 = "","","owl:ObjectProperty")) -> owl:ObjectProperty | K55: =IF(RIGHT(E55,1)="1","owl:FunctionalProperty","") | L55: =IF(OR(LEFT(E55,1) = "1",RIGHT(E55,1) = "1"),CONCATENATE("[ a owl:Restriction ; owl:onProperty ",A55," ;", IF(LEFT(E55,1) = "1","owl:minCardinality 1;",""), IF(RIGHT(E55,1) = "1","owl:maxCardinality 1;",""), "]"),"")
A56: =CONCATENATE('ELI-DL Classes'!$B$7,":",B56) -> eli-dl:responsible_person_label | B56: responsible_person_label | C56: eli-dl:Activity | D56: xsd:string | E56: 0..* | G56: responsible person label | I56: The name of a person that was responsible for an activity. | J56: =IF(LEFT(D56,3)="xsd","owl:DatatypeProperty",IF(E56 = "","","owl:ObjectProperty")) -> owl:DatatypeProperty | K56: =IF(RIGHT(E56,1)="1","owl:FunctionalProperty","") | L56: =IF(OR(LEFT(E56,1) = "1",RIGHT(E56,1) = "1"),CONCATENATE("[ a owl:Restriction ; owl:onProperty ",A56," ;", IF(LEFT(E56,1) = "1","owl:minCardinality 1;",""), IF(RIGHT(E56,1) = "1","owl:maxCardinality 1;",""), "]"),"")
A57: =CONCATENATE('ELI-DL Classes'!$B$7,":",B57) -> eli-dl:had_responsible_organization | B57: had_responsible_organization | C57: [a owl:Class; owl:unionOf (eli-dl:Activity eli-dl:Participation)] | D57: eli:Organization | E57: 0..* | F57: eli-dl:had_participant_organization | G57: had responsible organization | I57: The organization responsible for carrying out the activity. This can be the institution in which the activity happened, or a service, a commission. Example : The activity \"1st reading of 2016/0382/COD\" had responsible organization European Parliament. The EU procedure 2016/0382/COD had responsible organization Directorate-General for Energy. | J57: =IF(LEFT(D57,3)="xsd","owl:DatatypeProperty",IF(E57 = "","","owl:ObjectProperty")) -> owl:ObjectProperty | K57: =IF(RIGHT(E57,1)="1","owl:FunctionalProperty","") | L57: =IF(OR(LEFT(E57,1) = "1",RIGHT(E57,1) = "1"),CONCATENATE("[ a owl:Restriction ; owl:onProperty ",A57," ;", IF(LEFT(E57,1) = "1","owl:minCardinality 1;",""), IF(RIGHT(E57,1) = "1","owl:maxCardinality 1;",""), "]"),"")
A58: =CONCATENATE('ELI-DL Classes'!$B$7,":",B58) -> eli-dl:responsible_organization_label | B58: responsible_organization_label | C58: eli-dl:Activity | D58: xsd:string | E58: 0..* | G58: responsible organization label | I58: The name of an organization that was responsible for an activity. | J58: =IF(LEFT(D58,3)="xsd","owl:DatatypeProperty",IF(E58 = "","","owl:ObjectProperty")) -> owl:DatatypeProperty | K58: =IF(RIGHT(E58,1)="1","owl:FunctionalProperty","") | L58: =IF(OR(LEFT(E58,1) = "1",RIGHT(E58,1) = "1"),CONCATENATE("[ a owl:Restriction ; owl:onProperty ",A58," ;", IF(LEFT(E58,1) = "1","owl:minCardinality 1;",""), IF(RIGHT(E58,1) = "1","owl:maxCardinality 1;",""), "]"),"")
A59: =CONCATENATE('ELI-DL Classes'!$B$7,":",B59) -> eli-dl:had_excused_person | B59: had_excused_person | C59: eli-dl:Activity | D59: eli:Person | E59: 0..* | G59: had excused person | I59: A person that was excused from a meeting or another kind of activity. | J59: =IF(LEFT(D59,3)="xsd","owl:DatatypeProperty",IF(E59="","","owl:ObjectProperty")) -> owl:ObjectProperty | K59: =IF(RIGHT(E59,1)="1","owl:FunctionalProperty","") | L59: =IF(OR(LEFT(E59,1)="1",RIGHT(E59,1)="1"),CONCATENATE("[ a owl:Restriction ; owl:onProperty ",A59," ;",IF(LEFT(E59,1)="1","owl:minCardinality 1;",""),IF(RIGHT(E59,1)="1","owl:maxCardinality 1;",""),"]"),"")
A60: =CONCATENATE('ELI-DL Classes'!$B$7,":",B60) -> eli-dl:excused_person_label | B60: excused_person_label | C60: eli-dl:Activity | D60: xsd:string | E60: 0..* | G60: excused person label | I60: The name of a person that was excused from a meeting or another kind of activity | J60: =IF(LEFT(D60,3)="xsd","owl:DatatypeProperty",IF(E60="","","owl:ObjectProperty")) -> owl:DatatypeProperty | K60: =IF(RIGHT(E60,1)="1","owl:FunctionalProperty","") | L60: =IF(OR(LEFT(E60,1)="1",RIGHT(E60,1)="1"),CONCATENATE("[ a owl:Restriction ; owl:onProperty ",A60," ;",IF(LEFT(E60,1)="1","owl:minCardinality 1;",""),IF(RIGHT(E60,1)="1","owl:maxCardinality 1;",""),"]"),"")
A61: =CONCATENATE('ELI-DL Classes'!$B$7,":",B61) -> eli-dl:participation_role | B61: participation_role | C61: eli-dl:Participation | D61: eli-dl:ParticipationRole | E61: 0..1 | G61: participation role | I61: The role of the Agent in a Participation | J61: =IF(LEFT(D61,3)="xsd","owl:DatatypeProperty",IF(E61 = "","","owl:ObjectProperty")) -> owl:ObjectProperty | K61: =IF(RIGHT(E61,1)="1","owl:FunctionalProperty","") -> owl:FunctionalProperty | L61: =IF(OR(LEFT(E61,1) = "1",RIGHT(E61,1) = "1"),CONCATENATE("[ a owl:Restriction ; owl:onProperty ",A61," ;", IF(LEFT(E61,1) = "1","owl:minCardinality 1;",""), IF(RIGHT(E61,1) = "1","owl:maxCardinality 1;",""), "]"),"") -> [ a owl:Restriction ; owl:onProperty eli-dl:participation_role ;owl:maxCardinality 1;]
A62: =CONCATENATE('ELI-DL Classes'!$B$7,":",B62) -> eli-dl:participation_in_name_of | B62: participation_in_name_of | C62: eli-dl:Participation | D62: eli:Agent | E62: 0..* | G62: participation in name of | I62: The Agent in the name of which the participating agent acted. Typically the rapporteur of a legislative report contributes in the name of a committee. | J62: =IF(LEFT(D62,3)="xsd","owl:DatatypeProperty",IF(E62 = "","","owl:ObjectProperty")) -> owl:ObjectProperty | K62: =IF(RIGHT(E62,1)="1","owl:FunctionalProperty","") | L62: =IF(OR(LEFT(E62,1) = "1",RIGHT(E62,1) = "1"),CONCATENATE("[ a owl:Restriction ; owl:onProperty ",A62," ;", IF(LEFT(E62,1) = "1","owl:minCardinality 1;",""), IF(RIGHT(E62,1) = "1","owl:maxCardinality 1;",""), "]"),"")
A63: =CONCATENATE('ELI-DL Classes'!$B$7,":",B63) -> eli-dl:appointed_participant | B63: appointed_participant | C63: eli-dl:Activity | D63: eli-dl:Participation | E63: 0..* | G63: appointed | I63: Indicates a stakeholder appointed by the activity for another activity | J63: =IF(LEFT(D63,3)="xsd","owl:DatatypeProperty",IF(E63 = "","","owl:ObjectProperty")) -> owl:ObjectProperty | K63: =IF(RIGHT(E63,1)="1","owl:FunctionalProperty","") | L63: =IF(OR(LEFT(E63,1) = "1",RIGHT(E63,1) = "1"),CONCATENATE("[ a owl:Restriction ; owl:onProperty ",A63," ;", IF(LEFT(E63,1) = "1","owl:minCardinality 1;",""), IF(RIGHT(E63,1) = "1","owl:maxCardinality 1;",""), "]"),"")
A64: Decision and Vote Description
A65: =CONCATENATE('ELI-DL Classes'!$B$7,":",B65) -> eli-dl:decided_on_a_realization_of | B65: decided_on_a_realization_of | C65: eli-dl:Decision | D65: eli:Work | E65: 0..* | F65: eli-dl:based_on_a_realization_of | G65: based on a realization of | I65: Indicates the decision activity decided upon some Work. This is a specific kind of « input » of the activity | J65: =IF(LEFT(D65,3)="xsd","owl:DatatypeProperty",IF(E65="","","owl:ObjectProperty")) -> owl:ObjectProperty | K65: =IF(RIGHT(E65,1)="1","owl:FunctionalProperty","") | L65: =IF(OR(LEFT(E65,1)="1",RIGHT(E65,1)="1"),CONCATENATE("[ a owl:Restriction ; owl:onProperty ",A65," ;",IF(LEFT(E65,1)="1","owl:minCardinality 1;",""),IF(RIGHT(E65,1)="1","owl:maxCardinality 1;",""),"]"),"")
A66: =CONCATENATE('ELI-DL Classes'!$B$7,":",B66) -> eli-dl:decision_method | B66: decision_method | C66: eli-dl:Decision | D66: eli-dl:DecisionMethod | E66: 0..* | F66: crm:P32_used_general_technique | G66: decision method | I66: The method used to carry out the decision activity (e.g. Roll call vote, etc.) | J66: =IF(LEFT(D66,3)="xsd","owl:DatatypeProperty",IF(E66="","","owl:ObjectProperty")) -> owl:ObjectProperty | L66: =IF(OR(LEFT(E66,1)="1",RIGHT(E66,1)="1"),CONCATENATE("[ a owl:Restriction ; owl:onProperty ",A66," ;",IF(LEFT(E66,1)="1","owl:minCardinality 1;",""),IF(RIGHT(E66,1)="1","owl:maxCardinality 1;",""),"]"),"")
A67: =CONCATENATE('ELI-DL Classes'!$B$7,":",B67) -> eli-dl:decision_outcome | B67: decision_outcome | C67: eli-dl:Decision | D67: eli-dl:DecisionOutcome | E67: 0..* | F67: crm:P2_has_type | G67: decision outcome | I67: Indicates the outcome of the decision, e.g. adopted, rejected, lapsed, etc. | J67: =IF(LEFT(D67,3)="xsd","owl:DatatypeProperty",IF(E67="","","owl:ObjectProperty")) -> owl:ObjectProperty | K67: =IF(RIGHT(E67,1)="1","owl:FunctionalProperty","") | L67: =IF(OR(LEFT(E67,1)="1",RIGHT(E67,1)="1"),CONCATENATE("[ a owl:Restriction ; owl:onProperty ",A67," ;",IF(LEFT(E67,1)="1","owl:minCardinality 1;",""),IF(RIGHT(E67,1)="1","owl:maxCardinality 1;",""),"]"),"")
A68: =CONCATENATE('ELI-DL Classes'!$B$7,":",B68) -> eli-dl:had_voter_favor | B68: had_voter_favor | C68: eli-dl:Vote | D68: eli:Person | E68: 0..* | F68: eli-dl:had_participant_person | G68: had voter in favor | I68: Indicates a person that took part in a vote with a vote in favor | J68: =IF(LEFT(D68,3)="xsd","owl:DatatypeProperty",IF(E68 = "","","owl:ObjectProperty")) -> owl:ObjectProperty | K68: =IF(RIGHT(E68,1)="1","owl:FunctionalProperty","") | L68: =IF(OR(LEFT(E68,1) = "1",RIGHT(E68,1) = "1"),CONCATENATE("[ a owl:Restriction ; owl:onProperty ",A68," ;", IF(LEFT(E68,1) = "1","owl:minCardinality 1;",""), IF(RIGHT(E68,1) = "1","owl:maxCardinality 1;",""), "]"),"")
A69: =CONCATENATE('ELI-DL Classes'!$B$7,":",B69) -> eli-dl:had_voter_against | B69: had_voter_against | C69: eli-dl:Vote | D69: eli:Person | E69: 0..* | F69: eli-dl:had_participant_person | G69: had voter against | I69: Indicates a person that took part in a vote with a vote against | J69: =IF(LEFT(D69,3)="xsd","owl:DatatypeProperty",IF(E69 = "","","owl:ObjectProperty")) -> owl:ObjectProperty | K69: =IF(RIGHT(E69,1)="1","owl:FunctionalProperty","") | L69: =IF(OR(LEFT(E69,1) = "1",RIGHT(E69,1) = "1"),CONCATENATE("[ a owl:Restriction ; owl:onProperty ",A69," ;", IF(LEFT(E69,1) = "1","owl:minCardinality 1;",""), IF(RIGHT(E69,1) = "1","owl:maxCardinality 1;",""), "]"),"")
A70: =CONCATENATE('ELI-DL Classes'!$B$7,":",B70) -> eli-dl:had_voter_abstention | B70: had_voter_abstention | C70: eli-dl:Vote | D70: eli:Person | E70: 0..* | F70: eli-dl:had_participant_person | G70: had voter abstention | I70: Indicates a person that took part in a vote with an abstention vote | J70: =IF(LEFT(D70,3)="xsd","owl:DatatypeProperty",IF(E70 = "","","owl:ObjectProperty")) -> owl:ObjectProperty | K70: =IF(RIGHT(E70,1)="1","owl:FunctionalProperty","") | L70: =IF(OR(LEFT(E70,1) = "1",RIGHT(E70,1) = "1"),CONCATENATE("[ a owl:Restriction ; owl:onProperty ",A70," ;", IF(LEFT(E70,1) = "1","owl:minCardinality 1;",""), IF(RIGHT(E70,1) = "1","owl:maxCardinality 1;",""), "]"),"")
A71: =CONCATENATE('ELI-DL Classes'!$B$7,":",B71) -> eli-dl:had_voter_intended_favor | B71: had_voter_intended_favor | C71: eli-dl:Vote | D71: eli:Person | E71: 0..* | F71: eli-dl:had_participant_person | G71: had voter intended in favor | I71: Indicates a person that took part in a vote and expressed that he/she intended to vote in favor while he/she voted otherwise | J71: =IF(LEFT(D71,3)="xsd","owl:DatatypeProperty",IF(E71 = "","","owl:ObjectProperty")) -> owl:ObjectProperty | K71: =IF(RIGHT(E71,1)="1","owl:FunctionalProperty","") | L71: =IF(OR(LEFT(E71,1) = "1",RIGHT(E71,1) = "1"),CONCATENATE("[ a owl:Restriction ; owl:onProperty ",A71," ;", IF(LEFT(E71,1) = "1","owl:minCardinality 1;",""), IF(RIGHT(E71,1) = "1","owl:maxCardinality 1;",""), "]"),"")
A72: =CONCATENATE('ELI-DL Classes'!$B$7,":",B72) -> eli-dl:had_voter_intended_against | B72: had_voter_intended_against | C72: eli-dl:Vote | D72: eli:Person | E72: 0..* | F72: eli-dl:had_participant_person | G72: had voter intended against | I72: Indicates a person that took part in a vote and expressed that he/she intended to vote against while he/she voted otherwise | J72: =IF(LEFT(D72,3)="xsd","owl:DatatypeProperty",IF(E72 = "","","owl:ObjectProperty")) -> owl:ObjectProperty | K72: =IF(RIGHT(E72,1)="1","owl:FunctionalProperty","") | L72: =IF(OR(LEFT(E72,1) = "1",RIGHT(E72,1) = "1"),CONCATENATE("[ a owl:Restriction ; owl:onProperty ",A72," ;", IF(LEFT(E72,1) = "1","owl:minCardinality 1;",""), IF(RIGHT(E72,1) = "1","owl:maxCardinality 1;",""), "]"),"")
A73: =CONCATENATE('ELI-DL Classes'!$B$7,":",B73) -> eli-dl:had_voter_intended_abstention | B73: had_voter_intended_abstention | C73: eli-dl:Vote | D73: eli:Person | E73: 0..* | F73: eli-dl:had_participant_person | G73: had voter intended abstention | I73: Indicates a person that took part in a vote and expressed that he/she intended to vote abstention while he/she voted otherwise | J73: =IF(LEFT(D73,3)="xsd","owl:DatatypeProperty",IF(E73 = "","","owl:ObjectProperty")) -> owl:ObjectProperty | K73: =IF(RIGHT(E73,1)="1","owl:FunctionalProperty","") | L73: =IF(OR(LEFT(E73,1) = "1",RIGHT(E73,1) = "1"),CONCATENATE("[ a owl:Restriction ; owl:onProperty ",A73," ;", IF(LEFT(E73,1) = "1","owl:minCardinality 1;",""), IF(RIGHT(E73,1) = "1","owl:maxCardinality 1;",""), "]"),"")
A74: =CONCATENATE('ELI-DL Classes'!$B$7,":",B74) -> eli-dl:number_of_attendees | B74: number_of_attendees | C74: eli-dl:Vote | D74: xsd:integer | E74: 0..1 | G74: number of attendees | I74: The total number of attendees to the Vote. | J74: =IF(LEFT(D74,3)="xsd","owl:DatatypeProperty",IF(E74="","","owl:ObjectProperty")) -> owl:DatatypeProperty | K74: =IF(RIGHT(E74,1)="1","owl:FunctionalProperty","") -> owl:FunctionalProperty | L74: =IF(OR(LEFT(E74,1)="1",RIGHT(E74,1)="1"),CONCATENATE("[ a owl:Restriction ; owl:onProperty ",A74," ;",IF(LEFT(E74,1)="1","owl:minCardinality 1;",""),IF(RIGHT(E74,1)="1","owl:maxCardinality 1;",""),"]"),"") -> [ a owl:Restriction ; owl:onProperty eli-dl:number_of_attendees ;owl:maxCardinality 1;]
A75: =CONCATENATE('ELI-DL Classes'!$B$7,":",B75) -> eli-dl:number_of_votes_favor | B75: number_of_votes_favor | C75: eli-dl:Vote | D75: xsd:integer | E75: 0..1 | G75: number of vote favor | I75: The total number of votes in favor | J75: =IF(LEFT(D75,3)="xsd","owl:DatatypeProperty",IF(E75 = "","","owl:ObjectProperty")) -> owl:DatatypeProperty | K75: =IF(RIGHT(E75,1)="1","owl:FunctionalProperty","") -> owl:FunctionalProperty | L75: =IF(OR(LEFT(E75,1)="1",RIGHT(E75,1)="1"),CONCATENATE("[ a owl:Restriction ; owl:onProperty ",A75," ;",IF(LEFT(E75,1)="1","owl:minCardinality 1;",""),IF(RIGHT(E75,1)="1","owl:maxCardinality 1;",""),"]"),"") -> [ a owl:Restriction ; owl:onProperty eli-dl:number_of_votes_favor ;owl:maxCardinality 1;]
